Key_Scheme,Percent_correct,Percent_incorrect,Num_true_positives,Num_false_positives,Num_true_negatives,Num_false_negatives,IR_precision,IR_recall,Area_under_ROC
weka.classifiers.meta.CostSensitiveClassifier,32.20339,67.79661,19,40,0,0,0.322034,1,0.5
weka.classifiers.meta.CostSensitiveClassifier,32.20339,67.79661,19,40,0,0,0.322034,1,0.5
weka.classifiers.meta.CostSensitiveClassifier,30.508475,69.491525,18,41,0,0,0.305085,1,0.5
weka.classifiers.meta.CostSensitiveClassifier,30.508475,69.491525,18,41,0,0,0.305085,1,0.5
weka.classifiers.meta.CostSensitiveClassifier,30.508475,69.491525,18,41,0,0,0.305085,1,0.5
weka.classifiers.meta.CostSensitiveClassifier,30.508475,69.491525,18,41,0,0,0.305085,1,0.5
weka.classifiers.meta.CostSensitiveClassifier,30.508475,69.491525,18,41,0,0,0.305085,1,0.5
weka.classifiers.meta.CostSensitiveClassifier,30.508475,69.491525,18,41,0,0,0.305085,1,0.5
weka.classifiers.meta.CostSensitiveClassifier,30.508475,69.491525,18,41,0,0,0.305085,1,0.5
weka.classifiers.meta.CostSensitiveClassifier,32.20339,67.79661,19,40,0,0,0.322034,1,0.5
weka.classifiers.meta.CostSensitiveClassifier,32.20339,67.79661,19,40,0,0,0.322034,1,0.5
weka.classifiers.meta.CostSensitiveClassifier,32.20339,67.79661,19,40,0,0,0.322034,1,0.5
weka.classifiers.meta.CostSensitiveClassifier,32.20339,67.79661,19,40,0,0,0.322034,1,0.5
weka.classifiers.meta.CostSensitiveClassifier,30.508475,69.491525,18,41,0,0,0.305085,1,0.5
weka.classifiers.meta.CostSensitiveClassifier,30.508475,69.491525,18,41,0,0,0.305085,1,0.5
weka.classifiers.meta.CostSensitiveClassifier,30.508475,69.491525,18,41,0,0,0.305085,1,0.5
weka.classifiers.meta.CostSensitiveClassifier,30.508475,69.491525,18,41,0,0,0.305085,1,0.5
weka.classifiers.meta.CostSensitiveClassifier,30.508475,69.491525,18,41,0,0,0.305085,1,0.5
weka.classifiers.meta.CostSensitiveClassifier,30.508475,69.491525,18,41,0,0,0.305085,1,0.5
weka.classifiers.meta.CostSensitiveClassifier,30.508475,69.491525,18,41,0,0,0.305085,1,0.5
weka.classifiers.meta.CostSensitiveClassifier,32.20339,67.79661,19,40,0,0,0.322034,1,0.5
weka.classifiers.meta.CostSensitiveClassifier,30.508475,69.491525,18,41,0,0,0.305085,1,0.5
weka.classifiers.meta.CostSensitiveClassifier,30.508475,69.491525,18,41,0,0,0.305085,1,0.5
weka.classifiers.meta.CostSensitiveClassifier,30.508475,69.491525,18,41,0,0,0.305085,1,0.5
weka.classifiers.meta.CostSensitiveClassifier,30.508475,69.491525,18,41,0,0,0.305085,1,0.5
weka.classifiers.meta.CostSensitiveClassifier,30.508475,69.491525,18,41,0,0,0.305085,1,0.5
weka.classifiers.meta.CostSensitiveClassifier,30.508475,69.491525,18,41,0,0,0.305085,1,0.5
weka.classifiers.meta.CostSensitiveClassifier,30.508475,69.491525,18,41,0,0,0.305085,1,0.5
weka.classifiers.meta.CostSensitiveClassifier,32.20339,67.79661,19,40,0,0,0.322034,1,0.5
weka.classifiers.meta.CostSensitiveClassifier,32.20339,67.79661,19,40,0,0,0.322034,1,0.5
weka.classifiers.meta.CostSensitiveClassifier,30.508475,69.491525,18,41,0,0,0.305085,1,0.5
weka.classifiers.meta.CostSensitiveClassifier,30.508475,69.491525,18,41,0,0,0.305085,1,0.5
weka.classifiers.meta.CostSensitiveClassifier,30.508475,69.491525,18,41,0,0,0.305085,1,0.5
weka.classifiers.meta.CostSensitiveClassifier,30.508475,69.491525,18,41,0,0,0.305085,1,0.5
weka.classifiers.meta.CostSensitiveClassifier,30.508475,69.491525,18,41,0,0,0.305085,1,0.5
weka.classifiers.meta.CostSensitiveClassifier,30.508475,69.491525,18,41,0,0,0.305085,1,0.5
weka.classifiers.meta.CostSensitiveClassifier,30.508475,69.491525,18,41,0,0,0.305085,1,0.5
weka.classifiers.meta.CostSensitiveClassifier,32.20339,67.79661,19,40,0,0,0.322034,1,0.5
weka.classifiers.meta.CostSensitiveClassifier,32.20339,67.79661,19,40,0,0,0.322034,1,0.5
weka.classifiers.meta.CostSensitiveClassifier,32.20339,67.79661,19,40,0,0,0.322034,1,0.5
weka.classifiers.meta.CostSensitiveClassifier,30.508475,69.491525,18,41,0,0,0.305085,1,0.5
weka.classifiers.meta.CostSensitiveClassifier,30.508475,69.491525,18,41,0,0,0.305085,1,0.5
weka.classifiers.meta.CostSensitiveClassifier,30.508475,69.491525,18,41,0,0,0.305085,1,0.5
weka.classifiers.meta.CostSensitiveClassifier,30.508475,69.491525,18,41,0,0,0.305085,1,0.5
weka.classifiers.meta.CostSensitiveClassifier,30.508475,69.491525,18,41,0,0,0.305085,1,0.5
weka.classifiers.meta.CostSensitiveClassifier,30.508475,69.491525,18,41,0,0,0.305085,1,0.5
weka.classifiers.meta.CostSensitiveClassifier,30.508475,69.491525,18,41,0,0,0.305085,1,0.5
weka.classifiers.meta.CostSensitiveClassifier,32.20339,67.79661,19,40,0,0,0.322034,1,0.5
weka.classifiers.meta.CostSensitiveClassifier,32.20339,67.79661,19,40,0,0,0.322034,1,0.5
weka.classifiers.meta.CostSensitiveClassifier,32.20339,67.79661,19,40,0,0,0.322034,1,0.5
weka.classifiers.meta.CostSensitiveClassifier,32.20339,67.79661,19,40,0,0,0.322034,1,0.5
weka.classifiers.meta.CostSensitiveClassifier,30.508475,69.491525,18,41,0,0,0.305085,1,0.5
weka.classifiers.meta.CostSensitiveClassifier,30.508475,69.491525,18,41,0,0,0.305085,1,0.5
weka.classifiers.meta.CostSensitiveClassifier,30.508475,69.491525,18,41,0,0,0.305085,1,0.5
weka.classifiers.meta.CostSensitiveClassifier,30.508475,69.491525,18,41,0,0,0.305085,1,0.5
weka.classifiers.meta.CostSensitiveClassifier,30.508475,69.491525,18,41,0,0,0.305085,1,0.5
weka.classifiers.meta.CostSensitiveClassifier,30.508475,69.491525,18,41,0,0,0.305085,1,0.5
weka.classifiers.meta.CostSensitiveClassifier,30.508475,69.491525,18,41,0,0,0.305085,1,0.5
weka.classifiers.meta.CostSensitiveClassifier,32.20339,67.79661,19,40,0,0,0.322034,1,0.5
weka.classifiers.meta.CostSensitiveClassifier,32.20339,67.79661,19,40,0,0,0.322034,1,0.5
weka.classifiers.meta.CostSensitiveClassifier,32.20339,67.79661,19,40,0,0,0.322034,1,0.5
weka.classifiers.meta.CostSensitiveClassifier,32.20339,67.79661,19,40,0,0,0.322034,1,0.5
weka.classifiers.meta.CostSensitiveClassifier,30.508475,69.491525,18,41,0,0,0.305085,1,0.5
weka.classifiers.meta.CostSensitiveClassifier,30.508475,69.491525,18,41,0,0,0.305085,1,0.5
weka.classifiers.meta.CostSensitiveClassifier,30.508475,69.491525,18,41,0,0,0.305085,1,0.5
weka.classifiers.meta.CostSensitiveClassifier,30.508475,69.491525,18,41,0,0,0.305085,1,0.5
weka.classifiers.meta.CostSensitiveClassifier,30.508475,69.491525,18,41,0,0,0.305085,1,0.5
weka.classifiers.meta.CostSensitiveClassifier,30.508475,69.491525,18,41,0,0,0.305085,1,0.5
weka.classifiers.meta.CostSensitiveClassifier,30.508475,69.491525,18,41,0,0,0.305085,1,0.5
weka.classifiers.meta.CostSensitiveClassifier,32.20339,67.79661,19,40,0,0,0.322034,1,0.5
weka.classifiers.meta.CostSensitiveClassifier,32.20339,67.79661,19,40,0,0,0.322034,1,0.5
weka.classifiers.meta.CostSensitiveClassifier,32.20339,67.79661,19,40,0,0,0.322034,1,0.5
weka.classifiers.meta.CostSensitiveClassifier,32.20339,67.79661,19,40,0,0,0.322034,1,0.5
weka.classifiers.meta.CostSensitiveClassifier,30.508475,69.491525,18,41,0,0,0.305085,1,0.5
weka.classifiers.meta.CostSensitiveClassifier,30.508475,69.491525,18,41,0,0,0.305085,1,0.5
weka.classifiers.meta.CostSensitiveClassifier,30.508475,69.491525,18,41,0,0,0.305085,1,0.5
weka.classifiers.meta.CostSensitiveClassifier,30.508475,69.491525,18,41,0,0,0.305085,1,0.5
weka.classifiers.meta.CostSensitiveClassifier,30.508475,69.491525,18,41,0,0,0.305085,1,0.5
weka.classifiers.meta.CostSensitiveClassifier,30.508475,69.491525,18,41,0,0,0.305085,1,0.5
weka.classifiers.meta.CostSensitiveClassifier,30.508475,69.491525,18,41,0,0,0.305085,1,0.5
weka.classifiers.meta.CostSensitiveClassifier,32.20339,67.79661,19,40,0,0,0.322034,1,0.5
weka.classifiers.meta.CostSensitiveClassifier,30.508475,69.491525,18,41,0,0,0.305085,1,0.5
weka.classifiers.meta.CostSensitiveClassifier,30.508475,69.491525,18,41,0,0,0.305085,1,0.5
weka.classifiers.meta.CostSensitiveClassifier,30.508475,69.491525,18,41,0,0,0.305085,1,0.5
weka.classifiers.meta.CostSensitiveClassifier,30.508475,69.491525,18,41,0,0,0.305085,1,0.5
weka.classifiers.meta.CostSensitiveClassifier,30.508475,69.491525,18,41,0,0,0.305085,1,0.5
weka.classifiers.meta.CostSensitiveClassifier,30.508475,69.491525,18,41,0,0,0.305085,1,0.5
weka.classifiers.meta.CostSensitiveClassifier,30.508475,69.491525,18,41,0,0,0.305085,1,0.5
weka.classifiers.meta.CostSensitiveClassifier,32.20339,67.79661,19,40,0,0,0.322034,1,0.5
weka.classifiers.meta.CostSensitiveClassifier,32.20339,67.79661,19,40,0,0,0.322034,1,0.5
weka.classifiers.meta.CostSensitiveClassifier,30.508475,69.491525,18,41,0,0,0.305085,1,0.5
weka.classifiers.meta.CostSensitiveClassifier,30.508475,69.491525,18,41,0,0,0.305085,1,0.5
weka.classifiers.meta.CostSensitiveClassifier,30.508475,69.491525,18,41,0,0,0.305085,1,0.5
weka.classifiers.meta.CostSensitiveClassifier,30.508475,69.491525,18,41,0,0,0.305085,1,0.5
weka.classifiers.meta.CostSensitiveClassifier,30.508475,69.491525,18,41,0,0,0.305085,1,0.5
weka.classifiers.meta.CostSensitiveClassifier,30.508475,69.491525,18,41,0,0,0.305085,1,0.5
weka.classifiers.meta.CostSensitiveClassifier,30.508475,69.491525,18,41,0,0,0.305085,1,0.5
weka.classifiers.meta.CostSensitiveClassifier,32.20339,67.79661,19,40,0,0,0.322034,1,0.5
weka.classifiers.meta.CostSensitiveClassifier,32.20339,67.79661,19,40,0,0,0.322034,1,0.5
weka.classifiers.meta.CostSensitiveClassifier,32.20339,67.79661,19,40,0,0,0.322034,1,0.5
weka.classifiers.meta.CostSensitiveClassifier,50.847458,49.152542,12,12,28,7,0.5,0.631579,0.665789
weka.classifiers.meta.CostSensitiveClassifier,45.762712,54.237288,15,19,21,4,0.441176,0.789474,0.657237
weka.classifiers.meta.CostSensitiveClassifier,49.152542,50.847458,10,8,33,8,0.555556,0.555556,0.680217
weka.classifiers.meta.CostSensitiveClassifier,66.101695,33.898305,15,11,30,3,0.576923,0.833333,0.78252
weka.classifiers.meta.CostSensitiveClassifier,47.457627,52.542373,14,17,24,4,0.451613,0.777778,0.681572
weka.classifiers.meta.CostSensitiveClassifier,42.372881,57.627119,11,19,22,7,0.366667,0.611111,0.573848
weka.classifiers.meta.CostSensitiveClassifier,47.457627,52.542373,12,19,22,6,0.387097,0.666667,0.601626
weka.classifiers.meta.CostSensitiveClassifier,54.237288,45.762712,8,11,30,10,0.421053,0.444444,0.588076
weka.classifiers.meta.CostSensitiveClassifier,44.067797,55.932203,12,23,18,6,0.342857,0.666667,0.552846
weka.classifiers.meta.CostSensitiveClassifier,44.067797,55.932203,14,23,17,5,0.378378,0.736842,0.580921
weka.classifiers.meta.CostSensitiveClassifier,49.152542,50.847458,15,18,22,4,0.454545,0.789474,0.669737
weka.classifiers.meta.CostSensitiveClassifier,42.372881,57.627119,11,11,29,8,0.5,0.578947,0.651974
weka.classifiers.meta.CostSensitiveClassifier,49.152542,50.847458,13,16,24,6,0.448276,0.684211,0.642105
weka.classifiers.meta.CostSensitiveClassifier,47.457627,52.542373,10,17,24,8,0.37037,0.555556,0.570461
weka.classifiers.meta.CostSensitiveClassifier,45.762712,54.237288,13,20,21,5,0.393939,0.722222,0.617209
weka.classifiers.meta.CostSensitiveClassifier,54.237288,45.762712,11,15,26,7,0.423077,0.611111,0.622629
weka.classifiers.meta.CostSensitiveClassifier,55.932203,44.067797,16,16,25,2,0.5,0.888889,0.749322
weka.classifiers.meta.CostSensitiveClassifier,50.847458,49.152542,12,17,24,6,0.413793,0.666667,0.626016
weka.classifiers.meta.CostSensitiveClassifier,44.067797,55.932203,14,18,23,4,0.4375,0.777778,0.669377
weka.classifiers.meta.CostSensitiveClassifier,45.762712,54.237288,12,17,24,6,0.413793,0.666667,0.626016
weka.classifiers.meta.CostSensitiveClassifier,50.847458,49.152542,14,11,29,5,0.56,0.736842,0.730921
weka.classifiers.meta.CostSensitiveClassifier,45.762712,54.237288,16,24,17,2,0.4,0.888889,0.651762
weka.classifiers.meta.CostSensitiveClassifier,47.457627,52.542373,15,19,22,3,0.441176,0.833333,0.684959
weka.classifiers.meta.CostSensitiveClassifier,52.542373,47.457627,15,17,24,3,0.46875,0.833333,0.70935
weka.classifiers.meta.CostSensitiveClassifier,44.067797,55.932203,12,19,22,6,0.387097,0.666667,0.601626
weka.classifiers.meta.CostSensitiveClassifier,38.983051,61.016949,13,24,17,5,0.351351,0.722222,0.568428
weka.classifiers.meta.CostSensitiveClassifier,42.372881,57.627119,8,20,21,10,0.285714,0.444444,0.47832
weka.classifiers.meta.CostSensitiveClassifier,54.237288,45.762712,15,20,21,3,0.428571,0.833333,0.672764
weka.classifiers.meta.CostSensitiveClassifier,57.627119,42.372881,15,12,28,4,0.555556,0.789474,0.744737
weka.classifiers.meta.CostSensitiveClassifier,54.237288,45.762712,16,17,23,3,0.484848,0.842105,0.708553
weka.classifiers.meta.CostSensitiveClassifier,44.067797,55.932203,11,17,24,7,0.392857,0.611111,0.598238
weka.classifiers.meta.CostSensitiveClassifier,45.762712,54.237288,11,13,28,7,0.458333,0.611111,0.647019
weka.classifiers.meta.CostSensitiveClassifier,47.457627,52.542373,11,13,28,7,0.458333,0.611111,0.647019
weka.classifiers.meta.CostSensitiveClassifier,44.067797,55.932203,16,24,17,2,0.4,0.888889,0.651762
weka.classifiers.meta.CostSensitiveClassifier,37.288136,62.711864,14,27,14,4,0.341463,0.777778,0.559621
weka.classifiers.meta.CostSensitiveClassifier,50.847458,49.152542,14,19,22,4,0.424242,0.777778,0.657182
weka.classifiers.meta.CostSensitiveClassifier,50.847458,49.152542,13,15,26,5,0.464286,0.722222,0.678184
weka.classifiers.meta.CostSensitiveClassifier,42.372881,57.627119,10,19,21,9,0.344828,0.526316,0.525658
weka.classifiers.meta.CostSensitiveClassifier,44.067797,55.932203,10,13,27,9,0.434783,0.526316,0.600658
weka.classifiers.meta.CostSensitiveClassifier,57.627119,42.372881,16,13,27,3,0.551724,0.842105,0.758553
weka.classifiers.meta.CostSensitiveClassifier,40.677966,59.322034,10,17,24,8,0.37037,0.555556,0.570461
weka.classifiers.meta.CostSensitiveClassifier,50.847458,49.152542,15,14,27,3,0.517241,0.833333,0.745935
weka.classifiers.meta.CostSensitiveClassifier,55.932203,44.067797,15,18,23,3,0.454545,0.833333,0.697154
weka.classifiers.meta.CostSensitiveClassifier,49.152542,50.847458,13,17,24,5,0.433333,0.722222,0.653794
weka.classifiers.meta.CostSensitiveClassifier,45.762712,54.237288,17,22,19,1,0.435897,0.944444,0.70393
weka.classifiers.meta.CostSensitiveClassifier,55.932203,44.067797,12,16,25,6,0.428571,0.666667,0.638211
weka.classifiers.meta.CostSensitiveClassifier,45.762712,54.237288,13,24,17,5,0.351351,0.722222,0.568428
weka.classifiers.meta.CostSensitiveClassifier,54.237288,45.762712,14,16,24,5,0.466667,0.736842,0.668421
weka.classifiers.meta.CostSensitiveClassifier,57.627119,42.372881,14,14,26,5,0.5,0.736842,0.693421
weka.classifiers.meta.CostSensitiveClassifier,52.542373,47.457627,14,18,22,5,0.4375,0.736842,0.643421
weka.classifiers.meta.CostSensitiveClassifier,42.372881,57.627119,9,15,25,10,0.375,0.473684,0.549342
weka.classifiers.meta.CostSensitiveClassifier,47.457627,52.542373,10,10,31,8,0.5,0.555556,0.655827
weka.classifiers.meta.CostSensitiveClassifier,49.152542,50.847458,14,14,27,4,0.5,0.777778,0.718157
weka.classifiers.meta.CostSensitiveClassifier,38.983051,61.016949,15,17,24,3,0.46875,0.833333,0.70935
weka.classifiers.meta.CostSensitiveClassifier,47.457627,52.542373,12,19,22,6,0.387097,0.666667,0.601626
weka.classifiers.meta.CostSensitiveClassifier,62.711864,37.288136,16,14,27,2,0.533333,0.888889,0.773713
weka.classifiers.meta.CostSensitiveClassifier,54.237288,45.762712,14,14,27,4,0.5,0.777778,0.718157
weka.classifiers.meta.CostSensitiveClassifier,57.627119,42.372881,12,13,28,6,0.48,0.666667,0.674797
weka.classifiers.meta.CostSensitiveClassifier,61.016949,38.983051,13,8,32,6,0.619048,0.684211,0.742105
weka.classifiers.meta.CostSensitiveClassifier,64.40678,35.59322,16,14,26,3,0.533333,0.842105,0.746053
weka.classifiers.meta.CostSensitiveClassifier,55.932203,44.067797,17,18,22,2,0.485714,0.894737,0.722368
weka.classifiers.meta.CostSensitiveClassifier,47.457627,52.542373,15,19,21,4,0.441176,0.789474,0.657237
weka.classifiers.meta.CostSensitiveClassifier,54.237288,45.762712,11,13,28,7,0.458333,0.611111,0.647019
weka.classifiers.meta.CostSensitiveClassifier,50.847458,49.152542,18,27,14,0,0.4,1,0.670732
weka.classifiers.meta.CostSensitiveClassifier,38.983051,61.016949,7,17,24,11,0.291667,0.388889,0.487127
weka.classifiers.meta.CostSensitiveClassifier,50.847458,49.152542,14,17,24,4,0.451613,0.777778,0.681572
weka.classifiers.meta.CostSensitiveClassifier,49.152542,50.847458,12,16,25,6,0.428571,0.666667,0.638211
weka.classifiers.meta.CostSensitiveClassifier,47.457627,52.542373,14,16,25,4,0.466667,0.777778,0.693767
weka.classifiers.meta.CostSensitiveClassifier,45.762712,54.237288,12,12,29,6,0.5,0.666667,0.686992
weka.classifiers.meta.CostSensitiveClassifier,49.152542,50.847458,15,16,24,4,0.483871,0.789474,0.694737
weka.classifiers.meta.CostSensitiveClassifier,45.762712,54.237288,12,12,28,7,0.5,0.631579,0.665789
weka.classifiers.meta.CostSensitiveClassifier,42.372881,57.627119,15,12,28,4,0.555556,0.789474,0.744737
weka.classifiers.meta.CostSensitiveClassifier,49.152542,50.847458,12,13,27,7,0.48,0.631579,0.653289
weka.classifiers.meta.CostSensitiveClassifier,44.067797,55.932203,15,19,22,3,0.441176,0.833333,0.684959
weka.classifiers.meta.CostSensitiveClassifier,47.457627,52.542373,15,21,20,3,0.416667,0.833333,0.660569
weka.classifiers.meta.CostSensitiveClassifier,54.237288,45.762712,15,16,25,3,0.483871,0.833333,0.721545
weka.classifiers.meta.CostSensitiveClassifier,50.847458,49.152542,12,12,29,6,0.5,0.666667,0.686992
weka.classifiers.meta.CostSensitiveClassifier,49.152542,50.847458,16,20,21,2,0.444444,0.888889,0.700542
weka.classifiers.meta.CostSensitiveClassifier,45.762712,54.237288,12,13,28,6,0.48,0.666667,0.674797
weka.classifiers.meta.CostSensitiveClassifier,47.457627,52.542373,11,15,26,7,0.423077,0.611111,0.622629
weka.classifiers.meta.CostSensitiveClassifier,57.627119,42.372881,17,16,24,2,0.515152,0.894737,0.747368
weka.classifiers.meta.CostSensitiveClassifier,47.457627,52.542373,13,11,30,5,0.541667,0.722222,0.726965
weka.classifiers.meta.CostSensitiveClassifier,49.152542,50.847458,13,20,21,5,0.393939,0.722222,0.617209
weka.classifiers.meta.CostSensitiveClassifier,50.847458,49.152542,14,14,27,4,0.5,0.777778,0.718157
weka.classifiers.meta.CostSensitiveClassifier,42.372881,57.627119,13,16,25,5,0.448276,0.722222,0.665989
weka.classifiers.meta.CostSensitiveClassifier,49.152542,50.847458,15,20,21,3,0.428571,0.833333,0.672764
weka.classifiers.meta.CostSensitiveClassifier,44.067797,55.932203,10,11,30,8,0.47619,0.555556,0.643631
weka.classifiers.meta.CostSensitiveClassifier,44.067797,55.932203,8,14,27,10,0.363636,0.444444,0.551491
weka.classifiers.meta.CostSensitiveClassifier,37.288136,62.711864,10,22,18,9,0.3125,0.526316,0.488158
weka.classifiers.meta.CostSensitiveClassifier,52.542373,47.457627,14,19,21,5,0.424242,0.736842,0.630921
weka.classifiers.meta.CostSensitiveClassifier,61.016949,38.983051,17,15,26,1,0.53125,0.944444,0.789295
weka.classifiers.meta.CostSensitiveClassifier,52.542373,47.457627,13,17,24,5,0.433333,0.722222,0.653794
weka.classifiers.meta.CostSensitiveClassifier,45.762712,54.237288,12,17,24,6,0.413793,0.666667,0.626016
weka.classifiers.meta.CostSensitiveClassifier,45.762712,54.237288,10,14,27,8,0.416667,0.555556,0.607046
weka.classifiers.meta.CostSensitiveClassifier,45.762712,54.237288,10,12,29,8,0.454545,0.555556,0.631436
weka.classifiers.meta.CostSensitiveClassifier,42.372881,57.627119,6,11,30,12,0.352941,0.333333,0.53252
weka.classifiers.meta.CostSensitiveClassifier,44.067797,55.932203,15,24,17,3,0.384615,0.833333,0.623984
weka.classifiers.meta.CostSensitiveClassifier,45.762712,54.237288,16,23,17,3,0.410256,0.842105,0.633553
weka.classifiers.meta.CostSensitiveClassifier,57.627119,42.372881,15,15,25,4,0.5,0.789474,0.707237
weka.classifiers.meta.CostSensitiveClassifier,49.152542,50.847458,12,17,23,7,0.413793,0.631579,0.603289
weka.classifiers.meta.CostSensitiveClassifier,55.932203,44.067797,15,14,26,4,0.517241,0.789474,0.760526
weka.classifiers.meta.CostSensitiveClassifier,67.79661,32.20339,14,8,32,5,0.636364,0.736842,0.822368
weka.classifiers.meta.CostSensitiveClassifier,55.932203,44.067797,11,6,35,7,0.647059,0.611111,0.816396
weka.classifiers.meta.CostSensitiveClassifier,62.711864,37.288136,16,10,31,2,0.615385,0.888889,0.853659
weka.classifiers.meta.CostSensitiveClassifier,50.847458,49.152542,15,17,24,3,0.46875,0.833333,0.699187
weka.classifiers.meta.CostSensitiveClassifier,52.542373,47.457627,10,11,30,8,0.47619,0.555556,0.640921
weka.classifiers.meta.CostSensitiveClassifier,54.237288,45.762712,15,15,26,3,0.5,0.833333,0.76355
weka.classifiers.meta.CostSensitiveClassifier,62.711864,37.288136,13,10,31,5,0.565217,0.722222,0.73103
weka.classifiers.meta.CostSensitiveClassifier,57.627119,42.372881,14,9,32,4,0.608696,0.777778,0.7771
weka.classifiers.meta.CostSensitiveClassifier,64.40678,35.59322,17,14,26,2,0.548387,0.894737,0.85
weka.classifiers.meta.CostSensitiveClassifier,55.932203,44.067797,17,12,28,2,0.586207,0.894737,0.789474
weka.classifiers.meta.CostSensitiveClassifier,59.322034,40.677966,13,12,28,6,0.52,0.684211,0.725
weka.classifiers.meta.CostSensitiveClassifier,49.152542,50.847458,12,10,30,7,0.545455,0.631579,0.753289
weka.classifiers.meta.CostSensitiveClassifier,59.322034,40.677966,14,10,31,4,0.583333,0.777778,0.821816
weka.classifiers.meta.CostSensitiveClassifier,61.016949,38.983051,13,11,30,5,0.541667,0.722222,0.757453
weka.classifiers.meta.CostSensitiveClassifier,61.016949,38.983051,13,13,28,5,0.5,0.722222,0.732385
weka.classifiers.meta.CostSensitiveClassifier,57.627119,42.372881,13,10,31,5,0.565217,0.722222,0.773713
weka.classifiers.meta.CostSensitiveClassifier,52.542373,47.457627,13,14,27,5,0.481481,0.722222,0.739837
weka.classifiers.meta.CostSensitiveClassifier,59.322034,40.677966,14,11,30,4,0.56,0.777778,0.776423
weka.classifiers.meta.CostSensitiveClassifier,66.101695,33.898305,14,9,32,4,0.608696,0.777778,0.784553
weka.classifiers.meta.CostSensitiveClassifier,62.711864,37.288136,11,9,31,8,0.55,0.578947,0.7625
weka.classifiers.meta.CostSensitiveClassifier,52.542373,47.457627,11,14,27,7,0.44,0.611111,0.695799
weka.classifiers.meta.CostSensitiveClassifier,57.627119,42.372881,13,15,26,5,0.464286,0.722222,0.684282
weka.classifiers.meta.CostSensitiveClassifier,57.627119,42.372881,16,13,28,2,0.551724,0.888889,0.844851
weka.classifiers.meta.CostSensitiveClassifier,55.932203,44.067797,16,11,30,2,0.592593,0.888889,0.799458
weka.classifiers.meta.CostSensitiveClassifier,44.067797,55.932203,14,17,24,4,0.451613,0.777778,0.73916
weka.classifiers.meta.CostSensitiveClassifier,52.542373,47.457627,12,17,24,6,0.413793,0.666667,0.661924
weka.classifiers.meta.CostSensitiveClassifier,62.711864,37.288136,16,9,32,2,0.64,0.888889,0.829946
weka.classifiers.meta.CostSensitiveClassifier,67.79661,32.20339,14,8,32,5,0.636364,0.736842,0.807237
weka.classifiers.meta.CostSensitiveClassifier,64.40678,35.59322,13,8,32,6,0.619048,0.684211,0.811184
weka.classifiers.meta.CostSensitiveClassifier,54.237288,45.762712,14,15,26,4,0.482759,0.777778,0.762195
weka.classifiers.meta.CostSensitiveClassifier,50.847458,49.152542,13,14,27,5,0.481481,0.722222,0.743225
weka.classifiers.meta.CostSensitiveClassifier,55.932203,44.067797,12,14,27,6,0.461538,0.666667,0.651762
weka.classifiers.meta.CostSensitiveClassifier,57.627119,42.372881,13,12,29,5,0.52,0.722222,0.754065
weka.classifiers.meta.CostSensitiveClassifier,55.932203,44.067797,16,14,27,2,0.533333,0.888889,0.759485
weka.classifiers.meta.CostSensitiveClassifier,52.542373,47.457627,15,12,29,3,0.555556,0.833333,0.762195
weka.classifiers.meta.CostSensitiveClassifier,61.016949,38.983051,15,8,33,3,0.652174,0.833333,0.860434
weka.classifiers.meta.CostSensitiveClassifier,54.237288,45.762712,14,13,27,5,0.518519,0.736842,0.703289
weka.classifiers.meta.CostSensitiveClassifier,67.79661,32.20339,14,7,33,5,0.666667,0.736842,0.859868
weka.classifiers.meta.CostSensitiveClassifier,64.40678,35.59322,14,8,32,5,0.636364,0.736842,0.805921
weka.classifiers.meta.CostSensitiveClassifier,47.457627,52.542373,10,12,29,8,0.454545,0.555556,0.659214
weka.classifiers.meta.CostSensitiveClassifier,54.237288,45.762712,15,15,26,3,0.5,0.833333,0.726287
weka.classifiers.meta.CostSensitiveClassifier,52.542373,47.457627,14,14,27,4,0.5,0.777778,0.70393
weka.classifiers.meta.CostSensitiveClassifier,55.932203,44.067797,14,8,33,4,0.636364,0.777778,0.846206
weka.classifiers.meta.CostSensitiveClassifier,62.711864,37.288136,16,9,32,2,0.64,0.888889,0.820461
weka.classifiers.meta.CostSensitiveClassifier,55.932203,44.067797,16,14,27,2,0.533333,0.888889,0.813008
weka.classifiers.meta.CostSensitiveClassifier,62.711864,37.288136,13,11,30,5,0.541667,0.722222,0.756098
weka.classifiers.meta.CostSensitiveClassifier,54.237288,45.762712,14,15,25,5,0.482759,0.736842,0.6875
weka.classifiers.meta.CostSensitiveClassifier,54.237288,45.762712,14,11,29,5,0.56,0.736842,0.774342
weka.classifiers.meta.CostSensitiveClassifier,57.627119,42.372881,17,10,30,2,0.62963,0.894737,0.819079
weka.classifiers.meta.CostSensitiveClassifier,55.932203,44.067797,13,12,28,6,0.52,0.684211,0.733553
weka.classifiers.meta.CostSensitiveClassifier,64.40678,35.59322,16,13,28,2,0.551724,0.888889,0.762195
weka.classifiers.meta.CostSensitiveClassifier,54.237288,45.762712,13,13,28,5,0.5,0.722222,0.692412
weka.classifiers.meta.CostSensitiveClassifier,57.627119,42.372881,14,7,34,4,0.666667,0.777778,0.859079
weka.classifiers.meta.CostSensitiveClassifier,62.711864,37.288136,15,15,26,3,0.5,0.833333,0.730352
weka.classifiers.meta.CostSensitiveClassifier,66.101695,33.898305,14,4,37,4,0.777778,0.777778,0.850271
weka.classifiers.meta.CostSensitiveClassifier,54.237288,45.762712,11,11,30,7,0.5,0.611111,0.791328
weka.classifiers.meta.CostSensitiveClassifier,57.627119,42.372881,14,11,30,4,0.56,0.777778,0.806233
weka.classifiers.meta.CostSensitiveClassifier,54.237288,45.762712,11,13,27,8,0.458333,0.578947,0.763158
weka.classifiers.meta.CostSensitiveClassifier,64.40678,35.59322,18,9,31,1,0.666667,0.947368,0.870395
weka.classifiers.meta.CostSensitiveClassifier,57.627119,42.372881,17,18,22,2,0.485714,0.894737,0.792763
weka.classifiers.meta.CostSensitiveClassifier,55.932203,44.067797,15,8,32,4,0.652174,0.789474,0.877632
weka.classifiers.meta.CostSensitiveClassifier,59.322034,40.677966,12,8,33,6,0.6,0.666667,0.728997
weka.classifiers.meta.CostSensitiveClassifier,62.711864,37.288136,16,13,28,2,0.551724,0.888889,0.855014
weka.classifiers.meta.CostSensitiveClassifier,44.067797,55.932203,9,11,30,9,0.45,0.5,0.690379
weka.classifiers.meta.CostSensitiveClassifier,47.457627,52.542373,9,12,29,9,0.428571,0.5,0.678184
weka.classifiers.meta.CostSensitiveClassifier,57.627119,42.372881,12,14,27,6,0.461538,0.666667,0.748645
weka.classifiers.meta.CostSensitiveClassifier,59.322034,40.677966,15,14,27,3,0.517241,0.833333,0.773035
weka.classifiers.meta.CostSensitiveClassifier,55.932203,44.067797,13,13,28,5,0.5,0.722222,0.7229
weka.classifiers.meta.CostSensitiveClassifier,57.627119,42.372881,16,9,31,3,0.64,0.842105,0.894737
weka.classifiers.meta.CostSensitiveClassifier,57.627119,42.372881,12,4,36,7,0.75,0.631579,0.838158
weka.classifiers.meta.CostSensitiveClassifier,42.372881,57.627119,9,10,30,10,0.473684,0.473684,0.582237
weka.classifiers.meta.CostSensitiveClassifier,62.711864,37.288136,15,13,27,4,0.535714,0.789474,0.747368
weka.classifiers.meta.CostSensitiveClassifier,54.237288,45.762712,15,15,26,3,0.5,0.833333,0.729675
weka.classifiers.meta.CostSensitiveClassifier,62.711864,37.288136,14,8,33,4,0.636364,0.777778,0.762195
weka.classifiers.meta.CostSensitiveClassifier,61.016949,38.983051,15,13,28,3,0.535714,0.833333,0.840108
weka.classifiers.meta.CostSensitiveClassifier,50.847458,49.152542,15,11,30,3,0.576923,0.833333,0.819106
weka.classifiers.meta.CostSensitiveClassifier,59.322034,40.677966,13,10,31,5,0.565217,0.722222,0.799458
weka.classifiers.meta.CostSensitiveClassifier,49.152542,50.847458,12,10,31,6,0.545455,0.666667,0.756098
weka.classifiers.meta.CostSensitiveClassifier,61.016949,38.983051,15,12,29,3,0.555556,0.833333,0.726287
weka.classifiers.meta.CostSensitiveClassifier,62.711864,37.288136,18,12,28,1,0.6,0.947368,0.873684
weka.classifiers.meta.CostSensitiveClassifier,57.627119,42.372881,12,9,32,6,0.571429,0.666667,0.77168
weka.classifiers.meta.CostSensitiveClassifier,52.542373,47.457627,14,12,29,4,0.538462,0.777778,0.794715
weka.classifiers.meta.CostSensitiveClassifier,57.627119,42.372881,13,12,29,5,0.52,0.722222,0.783875
weka.classifiers.meta.CostSensitiveClassifier,61.016949,38.983051,14,11,30,4,0.56,0.777778,0.765583
weka.classifiers.meta.CostSensitiveClassifier,59.322034,40.677966,15,12,29,3,0.555556,0.833333,0.803523
weka.classifiers.meta.CostSensitiveClassifier,47.457627,52.542373,13,14,27,5,0.481481,0.722222,0.775745
weka.classifiers.meta.CostSensitiveClassifier,45.762712,54.237288,11,14,27,7,0.44,0.611111,0.737127
weka.classifiers.meta.CostSensitiveClassifier,57.627119,42.372881,17,14,26,2,0.548387,0.894737,0.821711
weka.classifiers.meta.CostSensitiveClassifier,55.932203,44.067797,13,12,28,6,0.52,0.684211,0.774342
weka.classifiers.meta.CostSensitiveClassifier,61.016949,38.983051,17,13,28,1,0.566667,0.944444,0.802846
weka.classifiers.meta.CostSensitiveClassifier,54.237288,45.762712,16,18,23,2,0.470588,0.888889,0.754743
weka.classifiers.meta.CostSensitiveClassifier,52.542373,47.457627,12,9,32,6,0.571429,0.666667,0.815041
weka.classifiers.meta.CostSensitiveClassifier,52.542373,47.457627,12,10,31,6,0.545455,0.666667,0.751355
weka.classifiers.meta.CostSensitiveClassifier,59.322034,40.677966,12,11,30,6,0.521739,0.666667,0.758808
weka.classifiers.meta.CostSensitiveClassifier,47.457627,52.542373,13,11,30,5,0.541667,0.722222,0.73916
weka.classifiers.meta.CostSensitiveClassifier,62.711864,37.288136,17,12,29,1,0.586207,0.944444,0.865854
weka.classifiers.meta.CostSensitiveClassifier,55.932203,44.067797,14,11,29,5,0.56,0.736842,0.796053
weka.classifiers.meta.CostSensitiveClassifier,66.101695,33.898305,17,11,29,2,0.607143,0.894737,0.819079
weka.classifiers.meta.CostSensitiveClassifier,59.322034,40.677966,14,12,28,5,0.538462,0.736842,0.757895
weka.classifiers.meta.CostSensitiveClassifier,62.711864,37.288136,15,15,25,4,0.5,0.789474,0.776974
weka.classifiers.meta.CostSensitiveClassifier,64.40678,35.59322,14,9,31,5,0.608696,0.736842,0.799342
weka.classifiers.meta.CostSensitiveClassifier,54.237288,45.762712,15,18,23,3,0.454545,0.833333,0.76897
weka.classifiers.meta.CostSensitiveClassifier,57.627119,42.372881,16,15,26,2,0.516129,0.888889,0.858401
weka.classifiers.meta.CostSensitiveClassifier,47.457627,52.542373,12,15,26,6,0.444444,0.666667,0.711382
weka.classifiers.meta.CostSensitiveClassifier,52.542373,47.457627,11,12,29,7,0.478261,0.611111,0.708672
weka.classifiers.meta.CostSensitiveClassifier,47.457627,52.542373,11,15,26,7,0.423077,0.611111,0.705962
weka.classifiers.meta.CostSensitiveClassifier,57.627119,42.372881,15,19,22,3,0.441176,0.833333,0.729675
weka.classifiers.meta.CostSensitiveClassifier,57.627119,42.372881,17,16,25,1,0.515152,0.944444,0.893631
weka.classifiers.meta.CostSensitiveClassifier,50.847458,49.152542,17,20,20,2,0.459459,0.894737,0.854605
weka.classifiers.meta.CostSensitiveClassifier,59.322034,40.677966,16,17,23,3,0.484848,0.842105,0.830263
weka.classifiers.meta.CostSensitiveClassifier,67.79661,32.20339,17,8,32,2,0.68,0.894737,0.899342
weka.classifiers.meta.CostSensitiveClassifier,55.932203,44.067797,17,13,27,2,0.566667,0.894737,0.814474
weka.classifiers.meta.CostSensitiveClassifier,59.322034,40.677966,14,10,31,4,0.583333,0.777778,0.859756
weka.classifiers.meta.CostSensitiveClassifier,49.152542,50.847458,15,22,19,3,0.405405,0.833333,0.70935
weka.classifiers.meta.CostSensitiveClassifier,49.152542,50.847458,15,17,24,3,0.46875,0.833333,0.780488
weka.classifiers.meta.CostSensitiveClassifier,47.457627,52.542373,13,16,25,5,0.448276,0.722222,0.745257
weka.classifiers.meta.CostSensitiveClassifier,57.627119,42.372881,14,16,25,4,0.466667,0.777778,0.79336
weka.classifiers.meta.CostSensitiveClassifier,57.627119,42.372881,14,17,24,4,0.451613,0.777778,0.762195
weka.classifiers.meta.CostSensitiveClassifier,47.457627,52.542373,12,20,21,6,0.375,0.666667,0.695122
weka.classifiers.meta.CostSensitiveClassifier,62.711864,37.288136,15,14,26,4,0.517241,0.789474,0.745395
weka.classifiers.meta.CostSensitiveClassifier,42.372881,57.627119,12,24,17,6,0.333333,0.666667,0.618564
weka.classifiers.meta.CostSensitiveClassifier,50.847458,49.152542,13,18,23,5,0.419355,0.722222,0.698509
weka.classifiers.meta.CostSensitiveClassifier,59.322034,40.677966,15,15,26,3,0.5,0.833333,0.850949
weka.classifiers.meta.CostSensitiveClassifier,52.542373,47.457627,13,12,29,5,0.52,0.722222,0.813686
weka.classifiers.meta.CostSensitiveClassifier,52.542373,47.457627,15,17,24,3,0.46875,0.833333,0.784553
weka.classifiers.meta.CostSensitiveClassifier,57.627119,42.372881,16,18,23,2,0.470588,0.888889,0.754065
weka.classifiers.meta.CostSensitiveClassifier,57.627119,42.372881,14,8,33,4,0.636364,0.777778,0.892954
weka.classifiers.meta.CostSensitiveClassifier,61.016949,38.983051,16,14,26,3,0.533333,0.842105,0.836184
weka.classifiers.meta.CostSensitiveClassifier,55.932203,44.067797,16,12,28,3,0.571429,0.842105,0.848026
weka.classifiers.meta.CostSensitiveClassifier,67.79661,32.20339,17,14,27,1,0.548387,0.944444,0.894986
weka.classifiers.meta.CostSensitiveClassifier,42.372881,57.627119,12,17,24,6,0.413793,0.666667,0.680217
weka.classifiers.meta.CostSensitiveClassifier,64.40678,35.59322,14,14,27,4,0.5,0.777778,0.75813
weka.classifiers.meta.CostSensitiveClassifier,54.237288,45.762712,14,17,24,4,0.451613,0.777778,0.707317
weka.classifiers.meta.CostSensitiveClassifier,49.152542,50.847458,15,19,22,3,0.441176,0.833333,0.824526
weka.classifiers.meta.CostSensitiveClassifier,49.152542,50.847458,14,17,24,4,0.451613,0.777778,0.78252
weka.classifiers.meta.CostSensitiveClassifier,52.542373,47.457627,16,15,26,2,0.516129,0.888889,0.861111
weka.classifiers.meta.CostSensitiveClassifier,59.322034,40.677966,14,15,25,5,0.482759,0.736842,0.725658
weka.classifiers.meta.CostSensitiveClassifier,66.101695,33.898305,13,7,33,6,0.65,0.684211,0.7625
weka.classifiers.meta.CostSensitiveClassifier,61.016949,38.983051,17,13,27,2,0.566667,0.894737,0.788158
weka.classifiers.meta.CostSensitiveClassifier,54.237288,45.762712,12,15,26,6,0.444444,0.666667,0.634824
weka.classifiers.meta.CostSensitiveClassifier,62.711864,37.288136,13,12,29,5,0.52,0.722222,0.800136
weka.classifiers.meta.CostSensitiveClassifier,49.152542,50.847458,15,15,26,3,0.5,0.833333,0.806233
weka.classifiers.meta.CostSensitiveClassifier,47.457627,52.542373,15,18,23,3,0.454545,0.833333,0.846883
weka.classifiers.meta.CostSensitiveClassifier,52.542373,47.457627,14,16,25,4,0.466667,0.777778,0.7771
weka.classifiers.meta.CostSensitiveClassifier,50.847458,49.152542,12,14,27,6,0.461538,0.666667,0.714092
weka.classifiers.meta.CostSensitiveClassifier,54.237288,45.762712,16,23,18,2,0.410256,0.888889,0.758808
weka.classifiers.meta.CostSensitiveClassifier,55.932203,44.067797,16,13,27,3,0.551724,0.842105,0.813816
weka.classifiers.meta.CostSensitiveClassifier,59.322034,40.677966,15,13,27,4,0.535714,0.789474,0.769737
weka.classifiers.meta.CostSensitiveClassifier,61.016949,38.983051,16,14,26,3,0.533333,0.842105,0.813816
weka.classifiers.meta.CostSensitiveClassifier,57.627119,42.372881,15,14,26,4,0.517241,0.789474,0.834868
weka.classifiers.meta.CostSensitiveClassifier,52.542373,47.457627,15,16,25,3,0.483871,0.833333,0.743902
weka.classifiers.meta.CostSensitiveClassifier,52.542373,47.457627,12,14,27,6,0.461538,0.666667,0.745935
weka.classifiers.meta.CostSensitiveClassifier,52.542373,47.457627,16,15,26,2,0.516129,0.888889,0.820461
weka.classifiers.meta.CostSensitiveClassifier,54.237288,45.762712,14,20,21,4,0.411765,0.777778,0.713415
weka.classifiers.meta.CostSensitiveClassifier,57.627119,42.372881,14,15,26,4,0.482759,0.777778,0.772358
weka.classifiers.meta.CostSensitiveClassifier,50.847458,49.152542,14,16,25,4,0.466667,0.777778,0.737805
weka.classifiers.meta.CostSensitiveClassifier,55.932203,44.067797,16,18,23,2,0.470588,0.888889,0.778455
weka.classifiers.meta.CostSensitiveClassifier,62.711864,37.288136,15,13,27,4,0.535714,0.789474,0.770395
weka.classifiers.meta.CostSensitiveClassifier,61.016949,38.983051,19,15,25,0,0.558824,1,0.891447
weka.classifiers.meta.CostSensitiveClassifier,67.79661,32.20339,18,13,27,1,0.580645,0.947368,0.878947
weka.classifiers.meta.CostSensitiveClassifier,45.762712,54.237288,13,15,25,6,0.464286,0.684211,0.775
weka.classifiers.meta.CostSensitiveClassifier,52.542373,47.457627,14,15,26,4,0.482759,0.777778,0.748645
weka.classifiers.meta.CostSensitiveClassifier,55.932203,44.067797,16,18,23,2,0.470588,0.888889,0.826558
weka.classifiers.meta.CostSensitiveClassifier,54.237288,45.762712,11,10,31,7,0.52381,0.611111,0.680217
weka.classifiers.meta.CostSensitiveClassifier,54.237288,45.762712,14,14,27,4,0.5,0.777778,0.764905
weka.classifiers.meta.CostSensitiveClassifier,59.322034,40.677966,16,20,21,2,0.444444,0.888889,0.737805
weka.classifiers.meta.CostSensitiveClassifier,57.627119,42.372881,13,15,26,5,0.464286,0.722222,0.678862
weka.classifiers.meta.CostSensitiveClassifier,54.237288,45.762712,14,15,26,4,0.482759,0.777778,0.843496
weka.classifiers.meta.CostSensitiveClassifier,62.711864,37.288136,17,11,29,2,0.607143,0.894737,0.871053
weka.classifiers.meta.CostSensitiveClassifier,54.237288,45.762712,15,14,26,4,0.517241,0.789474,0.798026
weka.classifiers.meta.CostSensitiveClassifier,47.457627,52.542373,13,21,19,6,0.382353,0.684211,0.711842
weka.classifiers.meta.CostSensitiveClassifier,50.847458,49.152542,14,16,24,5,0.466667,0.736842,0.692763
weka.classifiers.meta.CostSensitiveClassifier,57.627119,42.372881,14,14,27,4,0.5,0.777778,0.767615
weka.classifiers.meta.CostSensitiveClassifier,59.322034,40.677966,15,11,30,3,0.576923,0.833333,0.821816
weka.classifiers.meta.CostSensitiveClassifier,59.322034,40.677966,15,16,25,3,0.483871,0.833333,0.899729
weka.classifiers.meta.CostSensitiveClassifier,50.847458,49.152542,15,17,24,3,0.46875,0.833333,0.784553
weka.classifiers.meta.CostSensitiveClassifier,55.932203,44.067797,15,15,26,3,0.5,0.833333,0.773713
weka.classifiers.meta.CostSensitiveClassifier,47.457627,52.542373,13,19,22,5,0.40625,0.722222,0.705962
weka.classifiers.meta.CostSensitiveClassifier,57.627119,42.372881,14,16,25,4,0.466667,0.777778,0.78794
weka.classifiers.meta.CostSensitiveClassifier,61.016949,38.983051,17,12,28,2,0.586207,0.894737,0.876316
weka.classifiers.meta.CostSensitiveClassifier,55.932203,44.067797,14,14,27,4,0.5,0.777778,0.776423
weka.classifiers.meta.CostSensitiveClassifier,61.016949,38.983051,15,15,26,3,0.5,0.833333,0.854336
weka.classifiers.meta.CostSensitiveClassifier,49.152542,50.847458,13,15,26,5,0.464286,0.722222,0.74187
weka.classifiers.meta.CostSensitiveClassifier,57.627119,42.372881,17,20,21,1,0.459459,0.944444,0.817751
weka.classifiers.meta.CostSensitiveClassifier,55.932203,44.067797,15,14,27,3,0.517241,0.833333,0.827236
weka.classifiers.meta.CostSensitiveClassifier,52.542373,47.457627,15,16,25,3,0.483871,0.833333,0.767615
weka.classifiers.meta.CostSensitiveClassifier,45.762712,54.237288,12,19,22,6,0.387097,0.666667,0.653794
weka.classifiers.meta.CostSensitiveClassifier,57.627119,42.372881,15,15,25,4,0.5,0.789474,0.829605
weka.classifiers.meta.CostSensitiveClassifier,49.152542,50.847458,14,17,23,5,0.451613,0.736842,0.718421
weka.classifiers.meta.CostSensitiveClassifier,54.237288,45.762712,17,21,20,1,0.447368,0.944444,0.870596
weka.classifiers.meta.CostSensitiveClassifier,61.016949,38.983051,16,15,26,2,0.516129,0.888889,0.820461
weka.classifiers.meta.CostSensitiveClassifier,47.457627,52.542373,13,13,28,5,0.5,0.722222,0.776423
weka.classifiers.meta.CostSensitiveClassifier,54.237288,45.762712,14,18,23,4,0.4375,0.777778,0.726965
weka.classifiers.meta.CostSensitiveClassifier,50.847458,49.152542,13,17,24,5,0.433333,0.722222,0.72832
weka.classifiers.meta.CostSensitiveClassifier,52.542373,47.457627,16,13,28,2,0.551724,0.888889,0.857724
weka.classifiers.meta.CostSensitiveClassifier,61.016949,38.983051,15,12,29,3,0.555556,0.833333,0.890921
weka.classifiers.meta.CostSensitiveClassifier,57.627119,42.372881,15,15,25,4,0.5,0.789474,0.757895
weka.classifiers.meta.CostSensitiveClassifier,66.101695,33.898305,17,11,29,2,0.607143,0.894737,0.817763
weka.classifiers.meta.CostSensitiveClassifier,54.237288,45.762712,13,15,25,6,0.464286,0.684211,0.739474
weka.classifiers.meta.CostSensitiveClassifier,52.542373,47.457627,15,16,24,4,0.483871,0.789474,0.775
weka.classifiers.meta.CostSensitiveClassifier,55.932203,44.067797,14,14,26,5,0.5,0.736842,0.709211
weka.classifiers.meta.CostSensitiveClassifier,52.542373,47.457627,13,15,26,5,0.464286,0.722222,0.739837
weka.classifiers.meta.CostSensitiveClassifier,52.542373,47.457627,15,19,22,3,0.441176,0.833333,0.853659
weka.classifiers.meta.CostSensitiveClassifier,54.237288,45.762712,16,16,25,2,0.5,0.888889,0.811653
weka.classifiers.meta.CostSensitiveClassifier,52.542373,47.457627,12,14,27,6,0.461538,0.666667,0.738482
weka.classifiers.meta.CostSensitiveClassifier,52.542373,47.457627,14,13,28,4,0.518519,0.777778,0.822493
weka.classifiers.meta.CostSensitiveClassifier,44.067797,55.932203,11,18,23,7,0.37931,0.611111,0.634146
weka.classifiers.meta.CostSensitiveClassifier,52.542373,47.457627,15,15,26,3,0.5,0.833333,0.810298
weka.classifiers.meta.CostSensitiveClassifier,50.847458,49.152542,16,20,20,3,0.444444,0.842105,0.740789
weka.classifiers.meta.CostSensitiveClassifier,57.627119,42.372881,17,17,23,2,0.5,0.894737,0.876316
weka.classifiers.meta.CostSensitiveClassifier,55.932203,44.067797,17,14,26,2,0.548387,0.894737,0.798684
weka.classifiers.meta.CostSensitiveClassifier,49.152542,50.847458,14,17,23,5,0.451613,0.736842,0.722368
weka.classifiers.meta.CostSensitiveClassifier,57.627119,42.372881,14,9,32,4,0.608696,0.777778,0.846883
weka.classifiers.meta.CostSensitiveClassifier,49.152542,50.847458,15,19,22,3,0.441176,0.833333,0.792683
weka.classifiers.meta.CostSensitiveClassifier,50.847458,49.152542,12,18,23,6,0.4,0.666667,0.697832
weka.classifiers.meta.CostSensitiveClassifier,54.237288,45.762712,17,20,21,1,0.459459,0.944444,0.826558
weka.classifiers.meta.CostSensitiveClassifier,49.152542,50.847458,10,13,28,8,0.434783,0.555556,0.707317
weka.classifiers.meta.CostSensitiveClassifier,57.627119,42.372881,14,18,23,4,0.4375,0.777778,0.730352
weka.classifiers.meta.CostSensitiveClassifier,45.762712,54.237288,11,13,28,7,0.458333,0.611111,0.628726
weka.classifiers.meta.CostSensitiveClassifier,57.627119,42.372881,13,11,29,6,0.541667,0.684211,0.75
weka.classifiers.meta.CostSensitiveClassifier,50.847458,49.152542,15,23,18,3,0.394737,0.833333,0.723577
weka.classifiers.meta.CostSensitiveClassifier,50.847458,49.152542,13,19,22,5,0.40625,0.722222,0.745257
weka.classifiers.meta.CostSensitiveClassifier,54.237288,45.762712,15,19,22,3,0.441176,0.833333,0.794038
weka.classifiers.meta.CostSensitiveClassifier,54.237288,45.762712,15,9,32,3,0.625,0.833333,0.879404
weka.classifiers.meta.CostSensitiveClassifier,50.847458,49.152542,14,17,24,4,0.451613,0.777778,0.780488
weka.classifiers.meta.CostSensitiveClassifier,42.372881,57.627119,10,17,24,8,0.37037,0.555556,0.574526
weka.classifiers.meta.CostSensitiveClassifier,57.627119,42.372881,15,16,25,3,0.483871,0.833333,0.795393
weka.classifiers.meta.CostSensitiveClassifier,57.627119,42.372881,17,16,24,2,0.515152,0.894737,0.840789
weka.classifiers.meta.CostSensitiveClassifier,44.067797,55.932203,13,16,24,6,0.448276,0.684211,0.755263
weka.classifiers.meta.CostSensitiveClassifier,45.762712,54.237288,13,15,26,5,0.464286,0.722222,0.737127
weka.classifiers.meta.CostSensitiveClassifier,45.762712,54.237288,13,16,25,5,0.448276,0.722222,0.749322
weka.classifiers.meta.CostSensitiveClassifier,49.152542,50.847458,14,18,23,4,0.4375,0.777778,0.764228
weka.classifiers.meta.CostSensitiveClassifier,49.152542,50.847458,14,19,22,4,0.424242,0.777778,0.746612
weka.classifiers.meta.CostSensitiveClassifier,54.237288,45.762712,16,15,26,2,0.516129,0.888889,0.830623
weka.classifiers.meta.CostSensitiveClassifier,55.932203,44.067797,14,16,25,4,0.466667,0.777778,0.724932
weka.classifiers.meta.CostSensitiveClassifier,61.016949,38.983051,16,15,26,2,0.516129,0.888889,0.780488
weka.classifiers.meta.CostSensitiveClassifier,57.627119,42.372881,14,15,25,5,0.482759,0.736842,0.790789
weka.classifiers.meta.CostSensitiveClassifier,54.237288,45.762712,13,13,27,6,0.5,0.684211,0.738158
weka.classifiers.meta.CostSensitiveClassifier,54.237288,45.762712,15,14,26,4,0.517241,0.789474,0.788158
weka.classifiers.meta.CostSensitiveClassifier,42.372881,57.627119,11,17,24,7,0.392857,0.611111,0.670732
weka.classifiers.meta.CostSensitiveClassifier,54.237288,45.762712,16,17,24,2,0.484848,0.888889,0.765583
weka.classifiers.meta.CostSensitiveClassifier,45.762712,54.237288,13,17,24,5,0.433333,0.722222,0.743902
weka.classifiers.meta.CostSensitiveClassifier,50.847458,49.152542,15,18,23,3,0.454545,0.833333,0.876694
weka.classifiers.meta.CostSensitiveClassifier,57.627119,42.372881,17,14,27,1,0.548387,0.944444,0.834688
weka.classifiers.meta.CostSensitiveClassifier,52.542373,47.457627,16,17,24,2,0.484848,0.888889,0.765583
weka.classifiers.meta.CostSensitiveClassifier,55.932203,44.067797,14,17,24,4,0.451613,0.777778,0.756098
weka.classifiers.meta.CostSensitiveClassifier,45.762712,54.237288,9,17,23,10,0.346154,0.473684,0.657895
weka.classifiers.meta.CostSensitiveClassifier,52.542373,47.457627,14,15,25,5,0.482759,0.736842,0.755263
weka.classifiers.meta.CostSensitiveClassifier,62.711864,37.288136,17,12,28,2,0.586207,0.894737,0.788158
weka.classifiers.meta.CostSensitiveClassifier,59.322034,40.677966,14,15,25,5,0.482759,0.736842,0.721053
weka.classifiers.meta.CostSensitiveClassifier,52.542373,47.457627,12,17,24,6,0.413793,0.666667,0.672087
weka.classifiers.meta.CostSensitiveClassifier,57.627119,42.372881,17,13,28,1,0.566667,0.944444,0.846883
weka.classifiers.meta.CostSensitiveClassifier,44.067797,55.932203,10,12,29,8,0.454545,0.555556,0.668022
weka.classifiers.meta.CostSensitiveClassifier,55.932203,44.067797,13,19,22,5,0.40625,0.722222,0.673442
weka.classifiers.meta.CostSensitiveClassifier,55.932203,44.067797,16,14,27,2,0.533333,0.888889,0.884824
weka.classifiers.meta.CostSensitiveClassifier,47.457627,52.542373,15,16,25,3,0.483871,0.833333,0.743902
weka.classifiers.meta.CostSensitiveClassifier,52.542373,47.457627,14,17,24,4,0.451613,0.777778,0.762873
weka.classifiers.meta.CostSensitiveClassifier,45.762712,54.237288,13,18,22,6,0.419355,0.684211,0.784211
weka.classifiers.meta.CostSensitiveClassifier,52.542373,47.457627,16,21,19,3,0.432432,0.842105,0.834211
weka.classifiers.meta.CostSensitiveClassifier,57.627119,42.372881,18,18,22,1,0.5,0.947368,0.873684
weka.classifiers.meta.CostSensitiveClassifier,49.152542,50.847458,13,15,25,6,0.464286,0.684211,0.757895
weka.classifiers.meta.CostSensitiveClassifier,55.932203,44.067797,16,16,25,2,0.5,0.888889,0.795393
weka.classifiers.meta.CostSensitiveClassifier,61.016949,38.983051,16,14,27,2,0.533333,0.888889,0.804878
weka.classifiers.meta.CostSensitiveClassifier,38.983051,61.016949,7,15,26,11,0.318182,0.388889,0.539295
weka.classifiers.meta.CostSensitiveClassifier,55.932203,44.067797,15,19,22,3,0.441176,0.833333,0.727642
weka.classifiers.meta.CostSensitiveClassifier,52.542373,47.457627,14,19,22,4,0.424242,0.777778,0.714092
weka.classifiers.meta.CostSensitiveClassifier,49.152542,50.847458,13,17,24,5,0.433333,0.722222,0.773713
weka.classifiers.meta.CostSensitiveClassifier,47.457627,52.542373,15,16,25,3,0.483871,0.833333,0.766938
weka.classifiers.meta.CostSensitiveClassifier,54.237288,45.762712,16,13,27,3,0.551724,0.842105,0.878947
weka.classifiers.meta.CostSensitiveClassifier,54.237288,45.762712,15,15,25,4,0.5,0.789474,0.706579
weka.classifiers.meta.CostSensitiveClassifier,50.847458,49.152542,14,12,28,5,0.538462,0.736842,0.759211
weka.classifiers.meta.CostSensitiveClassifier,52.542373,47.457627,12,17,23,7,0.413793,0.631579,0.692105
weka.classifiers.meta.CostSensitiveClassifier,47.457627,52.542373,14,21,20,4,0.4,0.777778,0.689702
weka.classifiers.meta.CostSensitiveClassifier,57.627119,42.372881,16,14,27,2,0.533333,0.888889,0.863144
weka.classifiers.meta.CostSensitiveClassifier,59.322034,40.677966,17,18,23,1,0.485714,0.944444,0.860434
weka.classifiers.meta.CostSensitiveClassifier,54.237288,45.762712,15,18,23,3,0.454545,0.833333,0.796748
weka.classifiers.meta.CostSensitiveClassifier,50.847458,49.152542,13,13,28,5,0.5,0.722222,0.810298
weka.classifiers.meta.CostSensitiveClassifier,50.847458,49.152542,14,16,25,4,0.466667,0.777778,0.739837
weka.classifiers.meta.CostSensitiveClassifier,44.067797,55.932203,12,18,23,6,0.4,0.666667,0.705962
weka.classifiers.meta.CostSensitiveClassifier,57.627119,42.372881,16,17,23,3,0.484848,0.842105,0.802632
weka.classifiers.meta.CostSensitiveClassifier,47.457627,52.542373,13,17,24,5,0.433333,0.722222,0.708672
weka.classifiers.meta.CostSensitiveClassifier,54.237288,45.762712,13,14,27,5,0.481481,0.722222,0.760163
weka.classifiers.meta.CostSensitiveClassifier,54.237288,45.762712,15,12,29,3,0.555556,0.833333,0.842818
weka.classifiers.meta.CostSensitiveClassifier,54.237288,45.762712,16,15,26,2,0.516129,0.888889,0.822493
weka.classifiers.meta.CostSensitiveClassifier,54.237288,45.762712,16,20,21,2,0.444444,0.888889,0.804878
weka.classifiers.meta.CostSensitiveClassifier,38.983051,61.016949,12,17,24,6,0.413793,0.666667,0.663957
weka.classifiers.meta.CostSensitiveClassifier,50.847458,49.152542,12,16,25,6,0.428571,0.666667,0.669377
weka.classifiers.meta.CostSensitiveClassifier,64.40678,35.59322,17,15,25,2,0.53125,0.894737,0.778947
weka.classifiers.meta.CostSensitiveClassifier,52.542373,47.457627,13,16,24,6,0.448276,0.684211,0.753947
weka.classifiers.meta.CostSensitiveClassifier,59.322034,40.677966,15,17,24,3,0.46875,0.833333,0.810298
weka.classifiers.meta.CostSensitiveClassifier,42.372881,57.627119,11,19,22,7,0.366667,0.611111,0.724932
weka.classifiers.meta.CostSensitiveClassifier,55.932203,44.067797,14,15,26,4,0.482759,0.777778,0.792683
weka.classifiers.meta.CostSensitiveClassifier,52.542373,47.457627,16,16,25,2,0.5,0.888889,0.754743
weka.classifiers.meta.CostSensitiveClassifier,45.762712,54.237288,13,19,22,5,0.40625,0.722222,0.695122
weka.classifiers.meta.CostSensitiveClassifier,47.457627,52.542373,14,18,23,4,0.4375,0.777778,0.784553
weka.classifiers.meta.CostSensitiveClassifier,57.627119,42.372881,16,14,27,2,0.533333,0.888889,0.838753
weka.classifiers.meta.CostSensitiveClassifier,57.627119,42.372881,15,13,27,4,0.535714,0.789474,0.802632
weka.classifiers.meta.CostSensitiveClassifier,57.627119,42.372881,17,15,25,2,0.53125,0.894737,0.803947
weka.classifiers.meta.CostSensitiveClassifier,47.457627,52.542373,12,15,25,7,0.444444,0.631579,0.668421
weka.classifiers.meta.CostSensitiveClassifier,57.627119,42.372881,18,18,22,1,0.5,0.947368,0.807895
weka.classifiers.meta.CostSensitiveClassifier,55.932203,44.067797,15,13,27,4,0.535714,0.789474,0.843421
weka.classifiers.meta.CostSensitiveClassifier,59.322034,40.677966,15,15,26,3,0.5,0.833333,0.750678
weka.classifiers.meta.CostSensitiveClassifier,55.932203,44.067797,17,16,25,1,0.515152,0.944444,0.898374
weka.classifiers.meta.CostSensitiveClassifier,52.542373,47.457627,13,15,26,5,0.464286,0.722222,0.775068
weka.classifiers.meta.CostSensitiveClassifier,54.237288,45.762712,14,14,27,4,0.5,0.777778,0.762873
weka.classifiers.meta.CostSensitiveClassifier,50.847458,49.152542,16,17,24,2,0.484848,0.888889,0.850949
weka.classifiers.meta.CostSensitiveClassifier,47.457627,52.542373,12,19,22,6,0.387097,0.666667,0.682927
weka.classifiers.meta.CostSensitiveClassifier,52.542373,47.457627,17,20,21,1,0.459459,0.944444,0.834688
weka.classifiers.meta.CostSensitiveClassifier,50.847458,49.152542,17,19,21,2,0.472222,0.894737,0.814474
weka.classifiers.meta.CostSensitiveClassifier,61.016949,38.983051,17,16,24,2,0.515152,0.894737,0.865789
weka.classifiers.meta.CostSensitiveClassifier,59.322034,40.677966,18,13,27,1,0.580645,0.947368,0.839474
weka.classifiers.meta.CostSensitiveClassifier,47.457627,52.542373,16,17,23,3,0.484848,0.842105,0.776316
weka.classifiers.meta.CostSensitiveClassifier,66.101695,33.898305,18,9,32,0,0.666667,1,0.949864
weka.classifiers.meta.CostSensitiveClassifier,52.542373,47.457627,14,17,24,4,0.451613,0.777778,0.817073
weka.classifiers.meta.CostSensitiveClassifier,55.932203,44.067797,14,15,26,4,0.482759,0.777778,0.791328
weka.classifiers.meta.CostSensitiveClassifier,52.542373,47.457627,15,18,23,3,0.454545,0.833333,0.798103
weka.classifiers.meta.CostSensitiveClassifier,52.542373,47.457627,12,17,24,6,0.413793,0.666667,0.707317
weka.classifiers.meta.CostSensitiveClassifier,52.542373,47.457627,15,20,21,3,0.428571,0.833333,0.757453
weka.classifiers.meta.CostSensitiveClassifier,45.762712,54.237288,12,18,23,6,0.4,0.666667,0.704607
weka.classifiers.meta.CostSensitiveClassifier,49.152542,50.847458,12,16,24,7,0.428571,0.631579,0.773684
weka.classifiers.meta.CostSensitiveClassifier,45.762712,54.237288,14,23,18,4,0.378378,0.777778,0.752033
weka.classifiers.meta.CostSensitiveClassifier,55.932203,44.067797,16,21,20,2,0.432432,0.888889,0.776423
weka.classifiers.meta.CostSensitiveClassifier,50.847458,49.152542,16,20,21,2,0.444444,0.888889,0.808943
weka.classifiers.meta.CostSensitiveClassifier,57.627119,42.372881,15,12,29,3,0.555556,0.833333,0.865854
weka.classifiers.meta.CostSensitiveClassifier,54.237288,45.762712,17,17,24,1,0.5,0.944444,0.841463
weka.classifiers.meta.CostSensitiveClassifier,54.237288,45.762712,15,17,24,3,0.46875,0.833333,0.711382
weka.classifiers.meta.CostSensitiveClassifier,61.016949,38.983051,18,15,26,0,0.545455,1,0.859079
weka.classifiers.meta.CostSensitiveClassifier,54.237288,45.762712,17,16,24,2,0.515152,0.894737,0.848684
weka.classifiers.meta.CostSensitiveClassifier,49.152542,50.847458,13,15,25,6,0.464286,0.684211,0.780263
weka.classifiers.meta.CostSensitiveClassifier,49.152542,50.847458,15,17,24,3,0.46875,0.833333,0.796748
weka.classifiers.meta.CostSensitiveClassifier,50.847458,49.152542,16,18,23,2,0.470588,0.888889,0.761518
weka.classifiers.meta.CostSensitiveClassifier,55.932203,44.067797,15,15,26,3,0.5,0.833333,0.810298
weka.classifiers.meta.CostSensitiveClassifier,54.237288,45.762712,16,20,21,2,0.444444,0.888889,0.783198
weka.classifiers.meta.CostSensitiveClassifier,57.627119,42.372881,17,16,25,1,0.515152,0.944444,0.880759
weka.classifiers.meta.CostSensitiveClassifier,55.932203,44.067797,16,17,24,2,0.484848,0.888889,0.769648
weka.classifiers.meta.CostSensitiveClassifier,49.152542,50.847458,13,13,28,5,0.5,0.722222,0.818428
weka.classifiers.meta.CostSensitiveClassifier,55.932203,44.067797,16,16,24,3,0.5,0.842105,0.790789
weka.classifiers.meta.CostSensitiveClassifier,57.627119,42.372881,13,12,28,6,0.52,0.684211,0.775
weka.classifiers.meta.CostSensitiveClassifier,54.237288,45.762712,15,16,24,4,0.483871,0.789474,0.803947
weka.classifiers.meta.CostSensitiveClassifier,47.457627,52.542373,11,14,27,7,0.44,0.611111,0.704607
weka.classifiers.meta.CostSensitiveClassifier,55.932203,44.067797,16,18,23,2,0.470588,0.888889,0.796748
weka.classifiers.meta.CostSensitiveClassifier,54.237288,45.762712,13,13,28,5,0.5,0.722222,0.781843
weka.classifiers.meta.CostSensitiveClassifier,52.542373,47.457627,15,14,27,3,0.517241,0.833333,0.886179
weka.classifiers.meta.CostSensitiveClassifier,59.322034,40.677966,14,12,29,4,0.538462,0.777778,0.863144
weka.classifiers.meta.CostSensitiveClassifier,57.627119,42.372881,16,17,24,2,0.484848,0.888889,0.810298
weka.classifiers.meta.CostSensitiveClassifier,54.237288,45.762712,15,20,21,3,0.428571,0.833333,0.787263
weka.classifiers.meta.CostSensitiveClassifier,54.237288,45.762712,14,17,23,5,0.451613,0.736842,0.713158
weka.classifiers.meta.CostSensitiveClassifier,50.847458,49.152542,18,17,23,1,0.514286,0.947368,0.842105
weka.classifiers.meta.CostSensitiveClassifier,59.322034,40.677966,17,13,27,2,0.566667,0.894737,0.810526
weka.classifiers.meta.CostSensitiveClassifier,61.016949,38.983051,17,16,24,2,0.515152,0.894737,0.819737
weka.classifiers.meta.CostSensitiveClassifier,57.627119,42.372881,17,18,23,1,0.485714,0.944444,0.780488
weka.classifiers.meta.CostSensitiveClassifier,62.711864,37.288136,16,14,27,2,0.533333,0.888889,0.859079
weka.classifiers.meta.CostSensitiveClassifier,52.542373,47.457627,15,14,27,3,0.517241,0.833333,0.780488
weka.classifiers.meta.CostSensitiveClassifier,54.237288,45.762712,15,19,22,3,0.441176,0.833333,0.742547
weka.classifiers.meta.CostSensitiveClassifier,59.322034,40.677966,18,13,28,0,0.580645,1,0.911924
weka.classifiers.meta.CostSensitiveClassifier,47.457627,52.542373,14,16,25,4,0.466667,0.777778,0.742547
weka.classifiers.meta.CostSensitiveClassifier,47.457627,52.542373,13,20,21,5,0.393939,0.722222,0.771003
weka.classifiers.meta.CostSensitiveClassifier,45.762712,54.237288,13,19,21,6,0.40625,0.684211,0.760526
weka.classifiers.meta.CostSensitiveClassifier,54.237288,45.762712,17,18,22,2,0.485714,0.894737,0.839474
weka.classifiers.meta.CostSensitiveClassifier,59.322034,40.677966,18,16,24,1,0.529412,0.947368,0.910526
weka.classifiers.meta.CostSensitiveClassifier,54.237288,45.762712,15,15,25,4,0.5,0.789474,0.773684
weka.classifiers.meta.CostSensitiveClassifier,47.457627,52.542373,12,18,23,6,0.4,0.666667,0.769648
weka.classifiers.meta.CostSensitiveClassifier,61.016949,38.983051,17,19,22,1,0.472222,0.944444,0.850949
weka.classifiers.meta.CostSensitiveClassifier,37.288136,62.711864,10,19,22,8,0.344828,0.555556,0.638211
weka.classifiers.meta.CostSensitiveClassifier,52.542373,47.457627,16,21,20,2,0.432432,0.888889,0.739837
weka.classifiers.meta.CostSensitiveClassifier,55.932203,44.067797,15,18,23,3,0.454545,0.833333,0.772358
weka.classifiers.meta.CostSensitiveClassifier,57.627119,42.372881,16,15,26,2,0.516129,0.888889,0.821138
weka.classifiers.meta.CostSensitiveClassifier,59.322034,40.677966,15,13,28,3,0.535714,0.833333,0.802168
weka.classifiers.meta.CostSensitiveClassifier,59.322034,40.677966,18,13,27,1,0.580645,0.947368,0.921053
weka.classifiers.meta.CostSensitiveClassifier,49.152542,50.847458,16,17,23,3,0.484848,0.842105,0.806579
weka.classifiers.meta.CostSensitiveClassifier,47.457627,52.542373,13,19,21,6,0.40625,0.684211,0.710526
weka.classifiers.meta.CostSensitiveClassifier,57.627119,42.372881,15,18,22,4,0.454545,0.789474,0.702632
weka.classifiers.meta.CostSensitiveClassifier,45.762712,54.237288,15,20,21,3,0.428571,0.833333,0.747967
weka.classifiers.meta.CostSensitiveClassifier,59.322034,40.677966,14,15,26,4,0.482759,0.777778,0.873984
weka.classifiers.meta.CostSensitiveClassifier,55.932203,44.067797,16,18,23,2,0.470588,0.888889,0.869919
weka.classifiers.meta.CostSensitiveClassifier,61.016949,38.983051,16,12,29,2,0.571429,0.888889,0.871274
weka.classifiers.meta.CostSensitiveClassifier,54.237288,45.762712,17,15,26,1,0.53125,0.944444,0.852304
weka.classifiers.meta.CostSensitiveClassifier,50.847458,49.152542,15,13,28,3,0.535714,0.833333,0.773713
weka.classifiers.meta.CostSensitiveClassifier,55.932203,44.067797,17,20,21,1,0.459459,0.944444,0.772358
weka.classifiers.meta.CostSensitiveClassifier,59.322034,40.677966,18,15,25,1,0.545455,0.947368,0.872368
weka.classifiers.meta.CostSensitiveClassifier,45.762712,54.237288,14,16,25,4,0.466667,0.777778,0.727642
weka.classifiers.meta.CostSensitiveClassifier,61.016949,38.983051,17,13,28,1,0.566667,0.944444,0.842818
weka.classifiers.meta.CostSensitiveClassifier,50.847458,49.152542,16,16,25,2,0.5,0.888889,0.827913
weka.classifiers.meta.CostSensitiveClassifier,55.932203,44.067797,17,17,24,1,0.5,0.944444,0.865854
weka.classifiers.meta.CostSensitiveClassifier,64.40678,35.59322,16,16,25,2,0.5,0.888889,0.844173
weka.classifiers.meta.CostSensitiveClassifier,38.983051,61.016949,14,19,22,4,0.424242,0.777778,0.720867
weka.classifiers.meta.CostSensitiveClassifier,54.237288,45.762712,13,13,28,5,0.5,0.722222,0.757453
weka.classifiers.meta.CostSensitiveClassifier,59.322034,40.677966,19,18,22,0,0.513514,1,0.832895
weka.classifiers.meta.CostSensitiveClassifier,54.237288,45.762712,15,18,22,4,0.454545,0.789474,0.726316
weka.classifiers.meta.CostSensitiveClassifier,55.932203,44.067797,17,20,21,1,0.459459,0.944444,0.859079
weka.classifiers.meta.CostSensitiveClassifier,50.847458,49.152542,16,17,24,2,0.484848,0.888889,0.777778
weka.classifiers.meta.CostSensitiveClassifier,55.932203,44.067797,15,17,24,3,0.46875,0.833333,0.804878
weka.classifiers.meta.CostSensitiveClassifier,49.152542,50.847458,13,15,26,5,0.464286,0.722222,0.773713
weka.classifiers.meta.CostSensitiveClassifier,55.932203,44.067797,16,18,23,2,0.470588,0.888889,0.833333
weka.classifiers.meta.CostSensitiveClassifier,47.457627,52.542373,15,16,25,3,0.483871,0.833333,0.814363
weka.classifiers.meta.CostSensitiveClassifier,57.627119,42.372881,17,17,24,1,0.5,0.944444,0.884824
weka.classifiers.meta.CostSensitiveClassifier,54.237288,45.762712,16,17,23,3,0.484848,0.842105,0.781579
weka.classifiers.meta.CostSensitiveClassifier,62.711864,37.288136,16,11,29,3,0.592593,0.842105,0.844737
weka.classifiers.meta.CostSensitiveClassifier,50.847458,49.152542,13,17,23,6,0.433333,0.684211,0.681579
weka.classifiers.meta.CostSensitiveClassifier,55.932203,44.067797,19,23,17,0,0.452381,1,0.7125
weka.classifiers.meta.CostSensitiveClassifier,54.237288,45.762712,15,16,24,4,0.483871,0.789474,0.707237
weka.classifiers.meta.CostSensitiveClassifier,49.152542,50.847458,15,22,19,3,0.405405,0.833333,0.668699
weka.classifiers.meta.CostSensitiveClassifier,52.542373,47.457627,18,23,18,0,0.439024,1,0.731707
weka.classifiers.meta.CostSensitiveClassifier,49.152542,50.847458,17,23,18,1,0.425,0.944444,0.716125
weka.classifiers.meta.CostSensitiveClassifier,52.542373,47.457627,14,18,23,4,0.4375,0.777778,0.704607
weka.classifiers.meta.CostSensitiveClassifier,52.542373,47.457627,17,19,22,1,0.472222,0.944444,0.740515
weka.classifiers.meta.CostSensitiveClassifier,49.152542,50.847458,16,24,17,2,0.4,0.888889,0.678862
weka.classifiers.meta.CostSensitiveClassifier,52.542373,47.457627,18,21,20,0,0.461538,1,0.743902
weka.classifiers.meta.CostSensitiveClassifier,49.152542,50.847458,18,24,16,1,0.428571,0.947368,0.711184
weka.classifiers.meta.CostSensitiveClassifier,59.322034,40.677966,19,21,19,0,0.475,1,0.7375
weka.classifiers.meta.CostSensitiveClassifier,57.627119,42.372881,19,17,23,0,0.527778,1,0.8
weka.classifiers.meta.CostSensitiveClassifier,45.762712,54.237288,17,23,17,2,0.425,0.894737,0.672368
weka.classifiers.meta.CostSensitiveClassifier,62.711864,37.288136,18,11,30,0,0.62069,1,0.878049
weka.classifiers.meta.CostSensitiveClassifier,50.847458,49.152542,17,23,18,1,0.425,0.944444,0.70393
weka.classifiers.meta.CostSensitiveClassifier,49.152542,50.847458,15,25,16,3,0.375,0.833333,0.636179
weka.classifiers.meta.CostSensitiveClassifier,47.457627,52.542373,17,26,15,1,0.395349,0.944444,0.691734
weka.classifiers.meta.CostSensitiveClassifier,47.457627,52.542373,13,22,19,5,0.371429,0.722222,0.638889
weka.classifiers.meta.CostSensitiveClassifier,52.542373,47.457627,16,23,18,2,0.410256,0.888889,0.663957
weka.classifiers.meta.CostSensitiveClassifier,44.067797,55.932203,15,25,16,3,0.375,0.833333,0.660569
weka.classifiers.meta.CostSensitiveClassifier,50.847458,49.152542,15,18,22,4,0.454545,0.789474,0.696053
weka.classifiers.meta.CostSensitiveClassifier,42.372881,57.627119,15,30,11,3,0.333333,0.833333,0.571138
weka.classifiers.meta.CostSensitiveClassifier,52.542373,47.457627,16,25,16,2,0.390244,0.888889,0.669377
weka.classifiers.meta.CostSensitiveClassifier,47.457627,52.542373,17,27,14,1,0.386364,0.944444,0.667344
weka.classifiers.meta.CostSensitiveClassifier,52.542373,47.457627,17,19,22,1,0.472222,0.944444,0.75271
weka.classifiers.meta.CostSensitiveClassifier,52.542373,47.457627,18,22,19,0,0.45,1,0.743902
weka.classifiers.meta.CostSensitiveClassifier,50.847458,49.152542,15,18,23,3,0.454545,0.833333,0.723577
weka.classifiers.meta.CostSensitiveClassifier,57.627119,42.372881,18,18,23,0,0.5,1,0.792683
weka.classifiers.meta.CostSensitiveClassifier,54.237288,45.762712,18,20,20,1,0.473684,0.947368,0.736842
weka.classifiers.meta.CostSensitiveClassifier,50.847458,49.152542,16,20,20,3,0.444444,0.842105,0.7
weka.classifiers.meta.CostSensitiveClassifier,52.542373,47.457627,17,18,23,1,0.485714,0.944444,0.75271
weka.classifiers.meta.CostSensitiveClassifier,44.067797,55.932203,16,23,18,2,0.410256,0.888889,0.688347
weka.classifiers.meta.CostSensitiveClassifier,52.542373,47.457627,16,20,21,2,0.444444,0.888889,0.712737
weka.classifiers.meta.CostSensitiveClassifier,52.542373,47.457627,16,22,19,2,0.421053,0.888889,0.700542
weka.classifiers.meta.CostSensitiveClassifier,49.152542,50.847458,17,24,17,1,0.414634,0.944444,0.691734
weka.classifiers.meta.CostSensitiveClassifier,50.847458,49.152542,16,23,18,2,0.410256,0.888889,0.666667
weka.classifiers.meta.CostSensitiveClassifier,55.932203,44.067797,18,20,21,0,0.473684,1,0.780488
weka.classifiers.meta.CostSensitiveClassifier,52.542373,47.457627,18,23,17,1,0.439024,0.947368,0.700658
weka.classifiers.meta.CostSensitiveClassifier,54.237288,45.762712,16,19,21,3,0.457143,0.842105,0.709868
weka.classifiers.meta.CostSensitiveClassifier,54.237288,45.762712,18,23,17,1,0.439024,0.947368,0.723684
weka.classifiers.meta.CostSensitiveClassifier,45.762712,54.237288,14,22,19,4,0.388889,0.777778,0.630081
weka.classifiers.meta.CostSensitiveClassifier,54.237288,45.762712,17,22,19,1,0.435897,0.944444,0.72832
weka.classifiers.meta.CostSensitiveClassifier,50.847458,49.152542,16,21,20,2,0.432432,0.888889,0.691057
weka.classifiers.meta.CostSensitiveClassifier,49.152542,50.847458,17,21,20,1,0.447368,0.944444,0.716125
weka.classifiers.meta.CostSensitiveClassifier,55.932203,44.067797,18,20,21,0,0.473684,1,0.756098
weka.classifiers.meta.CostSensitiveClassifier,54.237288,45.762712,18,21,20,0,0.461538,1,0.756098
weka.classifiers.meta.CostSensitiveClassifier,52.542373,47.457627,17,23,18,1,0.425,0.944444,0.70393
weka.classifiers.meta.CostSensitiveClassifier,50.847458,49.152542,15,22,18,4,0.405405,0.789474,0.668421
weka.classifiers.meta.CostSensitiveClassifier,50.847458,49.152542,18,24,16,1,0.428571,0.947368,0.723684
weka.classifiers.meta.CostSensitiveClassifier,55.932203,44.067797,19,18,22,0,0.513514,1,0.7875
weka.classifiers.meta.CostSensitiveClassifier,54.237288,45.762712,17,21,19,2,0.447368,0.894737,0.684868
weka.classifiers.meta.CostSensitiveClassifier,55.932203,44.067797,18,21,20,0,0.461538,1,0.743902
weka.classifiers.meta.CostSensitiveClassifier,54.237288,45.762712,17,21,20,1,0.447368,0.944444,0.740515
weka.classifiers.meta.CostSensitiveClassifier,44.067797,55.932203,16,24,17,2,0.4,0.888889,0.676152
weka.classifiers.meta.CostSensitiveClassifier,49.152542,50.847458,15,24,17,3,0.384615,0.833333,0.636179
weka.classifiers.meta.CostSensitiveClassifier,55.932203,44.067797,18,19,22,0,0.486486,1,0.792683
weka.classifiers.meta.CostSensitiveClassifier,47.457627,52.542373,17,23,18,1,0.425,0.944444,0.729675
weka.classifiers.meta.CostSensitiveClassifier,50.847458,49.152542,15,20,21,3,0.428571,0.833333,0.699187
weka.classifiers.meta.CostSensitiveClassifier,50.847458,49.152542,17,21,19,2,0.447368,0.894737,0.691447
weka.classifiers.meta.CostSensitiveClassifier,57.627119,42.372881,18,19,21,1,0.486486,0.947368,0.736184
weka.classifiers.meta.CostSensitiveClassifier,59.322034,40.677966,19,18,22,0,0.513514,1,0.7875
weka.classifiers.meta.CostSensitiveClassifier,50.847458,49.152542,17,22,18,2,0.435897,0.894737,0.702632
weka.classifiers.meta.CostSensitiveClassifier,54.237288,45.762712,17,23,18,1,0.425,0.944444,0.70393
weka.classifiers.meta.CostSensitiveClassifier,54.237288,45.762712,18,25,16,0,0.418605,1,0.719512
weka.classifiers.meta.CostSensitiveClassifier,40.677966,59.322034,13,22,19,5,0.371429,0.722222,0.585366
weka.classifiers.meta.CostSensitiveClassifier,54.237288,45.762712,17,22,19,1,0.435897,0.944444,0.733062
weka.classifiers.meta.CostSensitiveClassifier,50.847458,49.152542,15,21,20,3,0.416667,0.833333,0.660569
weka.classifiers.meta.CostSensitiveClassifier,54.237288,45.762712,17,20,21,1,0.459459,0.944444,0.75271
weka.classifiers.meta.CostSensitiveClassifier,52.542373,47.457627,17,21,20,1,0.447368,0.944444,0.72832
weka.classifiers.meta.CostSensitiveClassifier,52.542373,47.457627,18,19,21,1,0.486486,0.947368,0.748684
weka.classifiers.meta.CostSensitiveClassifier,49.152542,50.847458,18,22,18,1,0.45,0.947368,0.711184
weka.classifiers.meta.CostSensitiveClassifier,50.847458,49.152542,16,22,18,3,0.421053,0.842105,0.655921
weka.classifiers.meta.CostSensitiveClassifier,55.932203,44.067797,16,20,20,3,0.444444,0.842105,0.6875
weka.classifiers.meta.CostSensitiveClassifier,50.847458,49.152542,17,24,17,1,0.414634,0.944444,0.70393
weka.classifiers.meta.CostSensitiveClassifier,52.542373,47.457627,16,22,19,2,0.421053,0.888889,0.700542
weka.classifiers.meta.CostSensitiveClassifier,55.932203,44.067797,17,22,19,1,0.435897,0.944444,0.72832
weka.classifiers.meta.CostSensitiveClassifier,55.932203,44.067797,18,18,23,0,0.5,1,0.804878
weka.classifiers.meta.CostSensitiveClassifier,49.152542,50.847458,17,21,20,1,0.447368,0.944444,0.72832
weka.classifiers.meta.CostSensitiveClassifier,47.457627,52.542373,16,21,20,2,0.432432,0.888889,0.688347
weka.classifiers.meta.CostSensitiveClassifier,50.847458,49.152542,17,25,16,1,0.404762,0.944444,0.680894
weka.classifiers.meta.CostSensitiveClassifier,57.627119,42.372881,19,21,19,0,0.475,1,0.75
weka.classifiers.meta.CostSensitiveClassifier,44.067797,55.932203,17,26,15,1,0.395349,0.944444,0.695122
weka.classifiers.meta.CostSensitiveClassifier,54.237288,45.762712,16,16,25,2,0.5,0.888889,0.749322
weka.classifiers.meta.CostSensitiveClassifier,52.542373,47.457627,17,19,22,1,0.472222,0.944444,0.75271
weka.classifiers.meta.CostSensitiveClassifier,52.542373,47.457627,17,23,18,1,0.425,0.944444,0.70393
weka.classifiers.meta.CostSensitiveClassifier,59.322034,40.677966,18,22,19,0,0.45,1,0.743902
weka.classifiers.meta.CostSensitiveClassifier,40.677966,59.322034,14,25,16,4,0.358974,0.777778,0.608401
weka.classifiers.meta.CostSensitiveClassifier,49.152542,50.847458,14,19,22,4,0.424242,0.777778,0.670732
weka.classifiers.meta.CostSensitiveClassifier,57.627119,42.372881,19,22,18,0,0.463415,1,0.7375
weka.classifiers.meta.CostSensitiveClassifier,52.542373,47.457627,16,20,20,3,0.444444,0.842105,0.677632
weka.classifiers.meta.CostSensitiveClassifier,54.237288,45.762712,17,22,19,1,0.435897,0.944444,0.70393
weka.classifiers.meta.CostSensitiveClassifier,50.847458,49.152542,18,22,19,0,0.45,1,0.780488
weka.classifiers.meta.CostSensitiveClassifier,52.542373,47.457627,16,21,20,2,0.432432,0.888889,0.700542
weka.classifiers.meta.CostSensitiveClassifier,50.847458,49.152542,18,25,16,0,0.418605,1,0.707317
weka.classifiers.meta.CostSensitiveClassifier,47.457627,52.542373,16,25,16,2,0.390244,0.888889,0.651762
weka.classifiers.meta.CostSensitiveClassifier,47.457627,52.542373,17,24,17,1,0.414634,0.944444,0.70393
weka.classifiers.meta.CostSensitiveClassifier,55.932203,44.067797,17,18,23,1,0.485714,0.944444,0.75271
weka.classifiers.meta.CostSensitiveClassifier,50.847458,49.152542,17,21,19,2,0.447368,0.894737,0.692763
weka.classifiers.meta.CostSensitiveClassifier,59.322034,40.677966,17,16,24,2,0.515152,0.894737,0.759868
weka.classifiers.meta.CostSensitiveClassifier,49.152542,50.847458,14,20,20,5,0.411765,0.736842,0.678289
weka.classifiers.meta.CostSensitiveClassifier,61.016949,38.983051,14,10,30,5,0.583333,0.736842,0.800658
weka.classifiers.meta.CostSensitiveClassifier,69.491525,30.508475,16,8,32,3,0.666667,0.842105,0.854605
weka.classifiers.meta.CostSensitiveClassifier,61.016949,38.983051,13,6,35,5,0.684211,0.722222,0.848238
weka.classifiers.meta.CostSensitiveClassifier,64.40678,35.59322,14,10,31,4,0.583333,0.777778,0.869241
weka.classifiers.meta.CostSensitiveClassifier,52.542373,47.457627,12,13,28,6,0.48,0.666667,0.757453
weka.classifiers.meta.CostSensitiveClassifier,55.932203,44.067797,11,9,32,7,0.55,0.611111,0.75271
weka.classifiers.meta.CostSensitiveClassifier,54.237288,45.762712,12,8,33,6,0.6,0.666667,0.834011
weka.classifiers.meta.CostSensitiveClassifier,62.711864,37.288136,14,12,29,4,0.538462,0.777778,0.808943
weka.classifiers.meta.CostSensitiveClassifier,66.101695,33.898305,14,8,33,4,0.636364,0.777778,0.876694
weka.classifiers.meta.CostSensitiveClassifier,64.40678,35.59322,17,11,29,2,0.607143,0.894737,0.868421
weka.classifiers.meta.CostSensitiveClassifier,66.101695,33.898305,15,9,31,4,0.625,0.789474,0.834211
weka.classifiers.meta.CostSensitiveClassifier,55.932203,44.067797,14,10,30,5,0.583333,0.736842,0.858553
weka.classifiers.meta.CostSensitiveClassifier,52.542373,47.457627,14,7,33,5,0.666667,0.736842,0.819079
weka.classifiers.meta.CostSensitiveClassifier,64.40678,35.59322,16,7,34,2,0.695652,0.888889,0.912602
weka.classifiers.meta.CostSensitiveClassifier,55.932203,44.067797,14,15,26,4,0.482759,0.777778,0.792683
weka.classifiers.meta.CostSensitiveClassifier,57.627119,42.372881,12,11,30,6,0.521739,0.666667,0.811653
weka.classifiers.meta.CostSensitiveClassifier,59.322034,40.677966,12,10,31,6,0.545455,0.666667,0.812331
weka.classifiers.meta.CostSensitiveClassifier,66.101695,33.898305,13,10,31,5,0.565217,0.722222,0.817751
weka.classifiers.meta.CostSensitiveClassifier,54.237288,45.762712,15,15,26,3,0.5,0.833333,0.826558
weka.classifiers.meta.CostSensitiveClassifier,61.016949,38.983051,11,10,31,7,0.52381,0.611111,0.775068
weka.classifiers.meta.CostSensitiveClassifier,59.322034,40.677966,13,12,28,6,0.52,0.684211,0.788816
weka.classifiers.meta.CostSensitiveClassifier,52.542373,47.457627,11,15,26,7,0.423077,0.611111,0.74458
weka.classifiers.meta.CostSensitiveClassifier,59.322034,40.677966,14,9,32,4,0.608696,0.777778,0.806911
weka.classifiers.meta.CostSensitiveClassifier,61.016949,38.983051,13,7,34,5,0.65,0.722222,0.884824
weka.classifiers.meta.CostSensitiveClassifier,49.152542,50.847458,13,10,31,5,0.565217,0.722222,0.843496
weka.classifiers.meta.CostSensitiveClassifier,54.237288,45.762712,15,13,28,3,0.535714,0.833333,0.802846
weka.classifiers.meta.CostSensitiveClassifier,47.457627,52.542373,10,13,28,8,0.434783,0.555556,0.74458
weka.classifiers.meta.CostSensitiveClassifier,67.79661,32.20339,15,5,36,3,0.75,0.833333,0.942412
weka.classifiers.meta.CostSensitiveClassifier,64.40678,35.59322,13,7,33,6,0.65,0.684211,0.819079
weka.classifiers.meta.CostSensitiveClassifier,66.101695,33.898305,16,8,32,3,0.666667,0.842105,0.878947
weka.classifiers.meta.CostSensitiveClassifier,55.932203,44.067797,12,11,30,6,0.521739,0.666667,0.829946
weka.classifiers.meta.CostSensitiveClassifier,44.067797,55.932203,11,13,28,7,0.458333,0.611111,0.767615
weka.classifiers.meta.CostSensitiveClassifier,59.322034,40.677966,13,10,31,5,0.565217,0.722222,0.795393
weka.classifiers.meta.CostSensitiveClassifier,55.932203,44.067797,13,9,32,5,0.590909,0.722222,0.839431
weka.classifiers.meta.CostSensitiveClassifier,66.101695,33.898305,15,7,34,3,0.681818,0.833333,0.880081
weka.classifiers.meta.CostSensitiveClassifier,62.711864,37.288136,16,10,31,2,0.615385,0.888889,0.802846
weka.classifiers.meta.CostSensitiveClassifier,61.016949,38.983051,13,6,35,5,0.684211,0.722222,0.915312
weka.classifiers.meta.CostSensitiveClassifier,54.237288,45.762712,13,13,27,6,0.5,0.684211,0.776974
weka.classifiers.meta.CostSensitiveClassifier,72.881356,27.118644,14,3,37,5,0.823529,0.736842,0.856579
weka.classifiers.meta.CostSensitiveClassifier,57.627119,42.372881,14,11,29,5,0.56,0.736842,0.823026
weka.classifiers.meta.CostSensitiveClassifier,55.932203,44.067797,12,12,29,6,0.5,0.666667,0.712737
weka.classifiers.meta.CostSensitiveClassifier,59.322034,40.677966,12,11,30,6,0.521739,0.666667,0.844173
weka.classifiers.meta.CostSensitiveClassifier,55.932203,44.067797,13,7,34,5,0.65,0.722222,0.844851
weka.classifiers.meta.CostSensitiveClassifier,52.542373,47.457627,11,14,27,7,0.44,0.611111,0.792683
weka.classifiers.meta.CostSensitiveClassifier,64.40678,35.59322,13,8,33,5,0.619048,0.722222,0.837398
weka.classifiers.meta.CostSensitiveClassifier,55.932203,44.067797,12,7,34,6,0.631579,0.666667,0.812331
weka.classifiers.meta.CostSensitiveClassifier,66.101695,33.898305,15,11,30,3,0.576923,0.833333,0.861111
weka.classifiers.meta.CostSensitiveClassifier,55.932203,44.067797,14,13,27,5,0.518519,0.736842,0.788158
weka.classifiers.meta.CostSensitiveClassifier,64.40678,35.59322,14,6,34,5,0.7,0.736842,0.871053
weka.classifiers.meta.CostSensitiveClassifier,61.016949,38.983051,15,8,32,4,0.652174,0.789474,0.890132
weka.classifiers.meta.CostSensitiveClassifier,71.186441,28.813559,14,5,35,5,0.736842,0.736842,0.813816
weka.classifiers.meta.CostSensitiveClassifier,69.491525,30.508475,15,8,33,3,0.652174,0.833333,0.857046
weka.classifiers.meta.CostSensitiveClassifier,62.711864,37.288136,12,9,32,6,0.571429,0.666667,0.798103
weka.classifiers.meta.CostSensitiveClassifier,50.847458,49.152542,12,9,32,6,0.571429,0.666667,0.854336
weka.classifiers.meta.CostSensitiveClassifier,52.542373,47.457627,13,14,27,5,0.481481,0.722222,0.776423
weka.classifiers.meta.CostSensitiveClassifier,61.016949,38.983051,11,6,35,7,0.647059,0.611111,0.873984
weka.classifiers.meta.CostSensitiveClassifier,54.237288,45.762712,12,13,28,6,0.48,0.666667,0.766938
weka.classifiers.meta.CostSensitiveClassifier,67.79661,32.20339,13,6,35,5,0.684211,0.722222,0.827236
weka.classifiers.meta.CostSensitiveClassifier,55.932203,44.067797,12,13,27,7,0.48,0.631579,0.754605
weka.classifiers.meta.CostSensitiveClassifier,66.101695,33.898305,18,10,30,1,0.642857,0.947368,0.867763
weka.classifiers.meta.CostSensitiveClassifier,76.271186,23.728814,17,9,31,2,0.653846,0.894737,0.913158
weka.classifiers.meta.CostSensitiveClassifier,57.627119,42.372881,14,7,33,5,0.666667,0.736842,0.863158
weka.classifiers.meta.CostSensitiveClassifier,64.40678,35.59322,15,11,30,3,0.576923,0.833333,0.775745
weka.classifiers.meta.CostSensitiveClassifier,62.711864,37.288136,15,12,29,3,0.555556,0.833333,0.883469
weka.classifiers.meta.CostSensitiveClassifier,55.932203,44.067797,11,7,34,7,0.611111,0.611111,0.741192
weka.classifiers.meta.CostSensitiveClassifier,54.237288,45.762712,9,9,32,9,0.5,0.5,0.77439
weka.classifiers.meta.CostSensitiveClassifier,61.016949,38.983051,14,14,27,4,0.5,0.777778,0.805556
weka.classifiers.meta.CostSensitiveClassifier,61.016949,38.983051,10,10,31,8,0.5,0.555556,0.789295
weka.classifiers.meta.CostSensitiveClassifier,59.322034,40.677966,11,8,33,7,0.578947,0.611111,0.838076
weka.classifiers.meta.CostSensitiveClassifier,52.542373,47.457627,17,11,29,2,0.607143,0.894737,0.902632
weka.classifiers.meta.CostSensitiveClassifier,69.491525,30.508475,15,4,36,4,0.789474,0.789474,0.876974
weka.classifiers.meta.CostSensitiveClassifier,45.762712,54.237288,8,13,27,11,0.380952,0.421053,0.733553
weka.classifiers.meta.CostSensitiveClassifier,71.186441,28.813559,14,8,32,5,0.636364,0.736842,0.757237
weka.classifiers.meta.CostSensitiveClassifier,55.932203,44.067797,13,13,28,5,0.5,0.722222,0.813686
weka.classifiers.meta.CostSensitiveClassifier,66.101695,33.898305,15,5,36,3,0.75,0.833333,0.930217
weka.classifiers.meta.CostSensitiveClassifier,66.101695,33.898305,15,10,31,3,0.6,0.833333,0.920054
weka.classifiers.meta.CostSensitiveClassifier,54.237288,45.762712,11,9,32,7,0.55,0.611111,0.800813
weka.classifiers.meta.CostSensitiveClassifier,55.932203,44.067797,15,8,33,3,0.652174,0.833333,0.877371
weka.classifiers.meta.CostSensitiveClassifier,49.152542,50.847458,13,15,26,5,0.464286,0.722222,0.798103
weka.classifiers.meta.CostSensitiveClassifier,57.627119,42.372881,11,12,29,7,0.478261,0.611111,0.743225
weka.classifiers.meta.CostSensitiveClassifier,62.711864,37.288136,18,9,31,1,0.666667,0.947368,0.924342
weka.classifiers.meta.CostSensitiveClassifier,52.542373,47.457627,11,9,32,7,0.55,0.611111,0.821816
weka.classifiers.meta.CostSensitiveClassifier,59.322034,40.677966,13,13,28,5,0.5,0.722222,0.851626
weka.classifiers.meta.CostSensitiveClassifier,54.237288,45.762712,13,10,31,5,0.565217,0.722222,0.855014
weka.classifiers.meta.CostSensitiveClassifier,57.627119,42.372881,13,11,30,5,0.541667,0.722222,0.837398
weka.classifiers.meta.CostSensitiveClassifier,69.491525,30.508475,16,7,34,2,0.695652,0.888889,0.910569
weka.classifiers.meta.CostSensitiveClassifier,59.322034,40.677966,15,12,29,3,0.555556,0.833333,0.839431
weka.classifiers.meta.CostSensitiveClassifier,47.457627,52.542373,8,11,30,10,0.421053,0.444444,0.749322
weka.classifiers.meta.CostSensitiveClassifier,67.79661,32.20339,15,6,34,4,0.714286,0.789474,0.868421
weka.classifiers.meta.CostSensitiveClassifier,62.711864,37.288136,13,12,28,6,0.52,0.684211,0.723026
weka.classifiers.meta.CostSensitiveClassifier,67.79661,32.20339,17,9,32,1,0.653846,0.944444,0.911247
weka.classifiers.meta.CostSensitiveClassifier,52.542373,47.457627,13,14,27,5,0.481481,0.722222,0.813008
weka.classifiers.meta.CostSensitiveClassifier,57.627119,42.372881,12,10,31,6,0.545455,0.666667,0.79607
weka.classifiers.meta.CostSensitiveClassifier,54.237288,45.762712,12,17,24,6,0.413793,0.666667,0.70664
weka.classifiers.meta.CostSensitiveClassifier,67.79661,32.20339,14,8,33,4,0.636364,0.777778,0.838753
weka.classifiers.meta.CostSensitiveClassifier,64.40678,35.59322,15,5,36,3,0.75,0.833333,0.899051
weka.classifiers.meta.CostSensitiveClassifier,66.101695,33.898305,15,9,32,3,0.625,0.833333,0.909214
weka.classifiers.meta.CostSensitiveClassifier,52.542373,47.457627,13,11,29,6,0.541667,0.684211,0.780921
weka.classifiers.meta.CostSensitiveClassifier,76.271186,23.728814,16,5,35,3,0.761905,0.842105,0.881579
weka.classifiers.meta.CostSensitiveClassifier,57.627119,42.372881,12,11,29,7,0.521739,0.631579,0.781579
